filename,width,height,class,xmin,ymin,xmax,ymax
100Euro_39_JPEG.rf.1a0d103e6ae8ad417efa77b401155f2b.jpg,1093,1390,100Euro,0,8,1060,602
100Euro_193_JPEG.rf.0ab0d625e2ee2d9d656ff58aa2b5acbb.jpg,506,800,100Euro,46,24,456,779
100Euro_195_jpg.rf.090ac575bcfc99ef0065cd42ed351b25.jpg,474,907,100Euro,6,0,473,907
100Euro_149_JPEG.rf.0c3147ef01726e6bca915c06a85f9d9e.jpg,512,887,100Euro,32,19,476,842
100Euro_196_JPEG.rf.1471b879314789f55b7ba1cda242c048.jpg,554,960,100Euro,19,36,530,920
100Euro_140_JPEG.rf.02742afd0cde515705d3ad7297a5396e.jpg,1430,2078,100Euro,236,414,1130,1710
100Euro_61_JPEG.rf.1696ec7bfcdc5c07a23fc34ce72fa172.jpg,700,700,100Euro,14,33,608,335
100Euro_7_jpg.rf.04b4474f3924d6a1166573593fa4f8e4.jpg,1300,848,100Euro,59,70,1256,728
100Euro_42_JPEG.rf.116c190c89d25923d590ce43506e47e2.jpg,640,364,100Euro,2,0,630,346
100Euro_14_JPEG.rf.19cd2ec2256105348af4221216e38087.jpg,600,600,100Euro,29,139,570,514
100Euro_67_jpg.rf.1020027bb23df0886a9aa71f455b04a8.jpg,1300,806,100Euro,1,96,1264,792
100Euro_4_JPEG.rf.003728ba80d974bb2d8758636b48e015.jpg,1300,848,100Euro,62,67,1260,705
100Euro_60_JPEG.rf.07affeabbe6ad5fc6752a021caed16fd.jpg,1300,812,100Euro,28,110,1273,797
100Euro_198_JPEG.rf.17057d22742e7f5b2b1e8514da229ced.jpg,768,1024,100Euro,70,91,546,870
100Euro_123_JPEG.rf.0cacfd8ec571b280f8bdb89ee465c0bd.jpg,471,830,100Euro,15,6,464,817
100Euro_192_JPEG.rf.190586054928f3f557852e0599b9e284.jpg,364,640,100Euro,7,8,363,639
100Euro_182_JPEG.rf.0ad8b4f05b04c39a7d83a771cb8f4e38.jpg,720,1280,100Euro,179,0,555,645
100Euro_56_JPEG.rf.12f72311e9acd7b5aba4372d447a8dbf.jpg,1239,1300,100Euro,149,28,1181,605
100Euro_142_JPEG.rf.126b24bb29466f0ababe2d4451cde3f6.jpg,364,640,100Euro,6,5,361,627
100Euro_49_JPEG.rf.1017b2c44a3ca00e0453c87d35ec9ec0.jpg,887,512,100Euro,9,34,881,494
100Euro_118_jpg.rf.163b56c1e30d2f341b58f005c1cc1c71.jpg,1390,1121,100Euro,0,0,627,1121
100Euro_89_JPEG.rf.12c6c54cc8a1dc8963dd5d57e17d6790.jpg,1093,1390,100Euro,30,777,1031,1388
100Euro_151_JPEG.rf.0cc5159fb7e5ffc8e3ca5ca287c817f4.jpg,3024,4032,100Euro,555,162,2646,3832
100Euro_105_JPEG.rf.0fe620319f54cefdf89c688ebf9e1eae.jpg,1024,1024,100Euro,537,83,993,953
100Euro_1_JPEG.rf.00be373573f900f657b7cdafa1b7ec7f.jpg,4032,3024,100Euro,147,321,3905,2465
100Euro_77_JPEG.rf.1bbba39df40a418843c5123a82348a82.jpg,1227,1390,100Euro,38,125,1195,711
100Euro_15_JPEG.rf.1db7fc052efb23a4251a42b96ef4426e.jpg,1300,726,100Euro,35,21,1299,720
100Euro_137_JPEG.rf.1cc428936a14fc28a2087ce64006051c.jpg,795,1300,100Euro,3,22,749,1298
100Euro_90_JPEG.rf.2127a9a3beac57bf691dbc623b099366.jpg,2078,1430,100Euro,298,328,1800,1060
100Euro_186_JPEG.rf.1e3b6893c089d6dc14c83e8cb2f86e68.jpg,768,1366,100Euro,36,104,675,1213
100Euro_166_JPEG.rf.1c9eadef9c30340f018bdcb4072278e4.jpg,474,907,100Euro,0,10,472,906
100Euro_177_JPEG.rf.243918cbc41a04dd132ec0103d6782f2.jpg,1390,1227,100Euro,750,7,1369,1162
100Euro_187_JPEG.rf.1f41c23306fff5b3e7a42e71f31c62b2.jpg,795,1300,100Euro,82,17,766,1274
100Euro_38_JPEG.rf.240b86bf397d0101028ffc87f9e5fbce.jpg,1300,956,100Euro,165,82,1095,583
100Euro_54_JPEG.rf.372967921ac0bd689c4867379862f7cf.jpg,1300,848,100Euro,44,134,1203,765
100Euro_161_JPEG.rf.2fda442924017626c06c158bd0001470.jpg,700,700,100Euro,44,49,348,672
100Euro_95_jpg.rf.224037edc307c9a996292488e962f4f9.jpg,907,474,100Euro,4,1,905,474
100Euro_53_JPEG.rf.3887c8c61de8e593f159b9f0fd727b42.jpg,907,474,100Euro,10,15,904,464
100Euro_172_JPEG.rf.37f2f4b19c97da99635b1efc0a065f07.jpg,640,640,100Euro,2,25,308,609
100Euro_86_JPEG.rf.2a1ec149036646a6b7e49a080802c7eb.jpg,1366,768,100Euro,116,55,1263,707
100Euro_121_JPEG.rf.34cc4dc8a779f9142623625e3b650b6e.jpg,837,1300,100Euro,35,38,702,1239
100Euro_122_JPEG.rf.38054883c900ab4d101385b0bbfee840.jpg,640,640,100Euro,333,35,636,590
100Euro_110_JPEG.rf.2f666394b53ba6b526dcdd3840f4b053.jpg,812,1300,100Euro,15,43,716,1295
100Euro_184_JPEG.rf.267cf1b95dc2f1d975d12dc6bf3a2176.jpg,435,772,100Euro,4,31,409,731
100Euro_92_JPEG.rf.2f8ca1be8746e77a1477c7d5f77c6e8c.jpg,640,364,100Euro,2,4,636,348
100Euro_132_JPEG.rf.38d0722ffae26a0c9cf4bbfa06550bec.jpg,720,1280,100Euro,181,0,508,1251
100Euro_156_JPEG.rf.30b97a3758ae55811d44c3cdd27ef041.jpg,1300,1239,100Euro,695,100,1242,1090
100Euro_10_JPEG.rf.296c510a2ff7ec43fd72c6bff88b5f9b.jpg,1300,812,100Euro,46,32,1296,711
100Euro_119_JPEG.rf.33bed1fa8baf79a8dce945edbe1d4ff6.jpg,747,1200,100Euro,102,57,723,1137
100Euro_135_JPEG.rf.3aa18d3d2bea6d7ec9dff891eb158110.jpg,956,1300,100Euro,153,113,738,1196
100Euro_32_JPEG.rf.3b5d1ee1a53c1c7ca62f4eb378120e85.jpg,1280,720,100Euro,0,177,650,518
100Euro_84_JPEG.rf.34b42fa9257b44ad7f41641d342e8c5e.jpg,772,435,100Euro,49,9,731,361
100Euro_13_JPEG.rf.3c6cf2cecfc46d2e2dcad75324967bce.jpg,640,480,100Euro,97,107,584,398
100Euro_134_JPEG.rf.3f070817f603f2d683c211c8487fb65d.jpg,435,772,100Euro,45,39,432,735
100Euro_148_JPEG.rf.3b532b2764a458ecb4f7f92aa96878b2.jpg,768,1024,100Euro,263,154,691,914
100Euro_116_JPEG.rf.40f1b9c6e6c2d7512060c354fe122f8c.jpg,474,907,100Euro,10,10,472,888
100Euro_55_JPEG.rf.41f1e7e20609e85f4bcaed7f02e00d90.jpg,1024,1024,100Euro,98,36,907,454
100Euro_24_JPEG.rf.5134fac5953527aedb4b54e57589de21.jpg,1300,957,100Euro,94,158,1249,778
100Euro_71_JPEG.rf.45ebe5d6a7fe8b963cc23774ffa307e6.jpg,1300,837,100Euro,62,125,1262,804
100Euro_46_JPEG.rf.2296e467c8161f118541f2ffab01df07.jpg,960,554,100Euro,31,42,940,507
100Euro_141_jpg.rf.3b321a25f6e5a604531a4a2b0675ea2d.jpg,1390,1093,100Euro,686,8,1303,1083
100Euro_40_JPEG.rf.43139c8256e368e2ff9a78acee87e2dc.jpg,2078,1430,100Euro,275,217,1746,1047
100Euro_136_JPEG.rf.42e3ba939ae6fbbfeac28c0cf6c8c0ff.jpg,768,1366,100Euro,77,119,705,1246
100Euro_63_JPEG.rf.44d4463961dd9ce195c9dbbf892d73f5.jpg,640,480,100Euro,57,88,555,372
100Euro_113_JPEG.rf.480154d730fa6f30e017986210a91da2.jpg,480,640,100Euro,123,66,379,549
100Euro_165_JPEG.rf.3c2dedfcf17a9e9f26ff9b5bf3412134.jpg,726,1300,100Euro,25,32,717,1295
100Euro_115_JPEG.rf.52ba8f09d9259108f9d4209e51ac0181.jpg,726,1300,100Euro,6,4,717,1281
100Euro_17_jpg.rf.4e631683c197a18a1a262d475db95c7e.jpg,1300,806,100Euro,47,8,1290,708
100Euro_6_JPEG.rf.57b1116bd38f948b167211119b0fca99.jpg,1239,1300,100Euro,41,33,1132,644
100Euro_88_JPEG.rf.56db6924ebcdd1fc7237da867e34efa0.jpg,1300,956,100Euro,167,339,1139,893
100Euro_36_JPEG.rf.45546c4c9132a87feeb7127b62879510.jpg,1366,768,100Euro,113,76,1255,696
100Euro_128_JPEG.rf.4b0e9b03afb31b141a11b78cb44c4d54.jpg,1196,1600,100Euro,4,5,1076,1590
100Euro_51_JPEG.rf.48831c17ff04fa15b90eb81c0e32c565.jpg,4032,3024,100Euro,199,680,3997,2678
100Euro_5_JPEG.rf.53866587426985a59ef20211c8883b8e.jpg,1024,1024,100Euro,86,511,924,970
100Euro_179_JPEG.rf.571c9b7faf1104f3cd79e52c475ddb31.jpg,1500,1373,100Euro,51,49,712,1282
100Euro_41_jpg.rf.55d10b3f21817ad3aca47f18bd0607d4.jpg,1093,1390,100Euro,15,13,1093,597
100Euro_43_JPEG.rf.669e18edc0c4cdf77e68f0e76f80fa7b.jpg,800,506,100Euro,24,47,764,443
100Euro_103_JPEG.rf.64e9f933468220be0355ed401382d9c5.jpg,474,907,100Euro,5,5,469,898
100Euro_181_JPEG.rf.69174d13ff9ae41b84a8b7a9c35ff5a1.jpg,938,1500,100Euro,124,55,858,1454
100Euro_127_JPEG.rf.73201db9bf0a37728d81e1a7c72b7253.jpg,1390,1227,100Euro,638,45,1268,1209
100Euro_163_JPEG.rf.621bd512386d68247d468d957312ec2f.jpg,480,640,100Euro,102,89,364,575
100Euro_93_JPEG.rf.62b05beb6ac798e8805cba96e0b35d0d.jpg,800,506,100Euro,45,81,760,463
100Euro_180_JPEG.rf.67d8ac08d6e10248cf4fe50e6c78fde6.jpg,1225,1600,100Euro,660,799,1070,1568
100Euro_78_JPEG.rf.612e56b5a43bfea07f641a76517524da.jpg,1600,1196,100Euro,50,120,1540,1194
100Euro_169_JPEG.rf.5815308b964c1c77bdf40359cb2f012c.jpg,747,1200,100Euro,59,43,687,1179
100Euro_145_jpg.rf.59e92295760c22b75a28a5ec20ab3ecd.jpg,474,907,100Euro,1,5,474,900
100Euro_154_JPEG.rf.7164b5a576b7f7cb6012027083349e4b.jpg,848,1300,100Euro,110,44,789,1235
100Euro_97_JPEG.rf.5d6fb55da4fc6c03e2fc8238833914c1.jpg,1300,842,100Euro,38,137,1296,820
100Euro_112_JPEG.rf.77748ef806ecc6530906170fdb36996d.jpg,806,1300,100Euro,17,22,701,1267
100Euro_160_JPEG.rf.7300752d5548b6395a056d4e3da9a1cf.jpg,812,1300,100Euro,110,55,806,1284
100Euro_167_jpg.rf.5d95d5d22cf55ba155828a11300df178.jpg,806,1300,100Euro,95,30,794,1287
100Euro_130_JPEG.rf.5c3b50c5244b421133c0c679f30150bf.jpg,1225,1600,100Euro,144,14,629,798
100Euro_83_JPEG.rf.5a884cdf544362057b92fa07cc880d57.jpg,800,445,100Euro,12,6,783,423
100Euro_22_JPEG.rf.70092d109dfd60e056747545c679e6d2.jpg,640,640,100Euro,56,295,601,630
100Euro_29_JPEG.rf.6937d66a822be43d9c82f5f564baf98a.jpg,1373,1500,100Euro,66,776,1294,1454
100Euro_75_JPEG.rf.67ab809b872476d93720ba1c1ce042c8.jpg,1000,546,100Euro,13,14,975,531
100Euro_99_JPEG.rf.77eb35b2cdbe24351a561bbd5d472de8.jpg,887,512,100Euro,1,29,856,487
100Euro_114_JPEG.rf.788cccfa3e2f0c9f9b1fe9281dbe8a1c.jpg,600,600,100Euro,202,61,491,550
100Euro_47_JPEG.rf.5bfccb09e72d2bf3af9b39ac1df51666.jpg,1300,842,100Euro,29,27,1252,710
100Euro_152_JPEG.rf.3dabe089967f9dbe4cdcedd1c8564d77.jpg,1390,1121,100Euro,758,33,1389,1107
100Euro_108_JPEG.rf.7a12a1844b7d361578edbd43da0b0780.jpg,525,700,100Euro,23,110,261,570
100Euro_183_JPEG.rf.810eb5e84f0bdfc26b12efdb3064cd34.jpg,445,800,100Euro,5,16,414,799
100Euro_91_jpg.rf.68e403b1cabdedb6da60c842e8867b2f.jpg,1093,1390,100Euro,5,93,1093,700
100Euro_159_jpg.rf.812bb482c2cb2876e539bd66b1cad4b4.jpg,1024,1024,100Euro,26,88,505,945
100Euro_102_JPEG.rf.83610ab9c1cdb90cf6813c45b65beeab.jpg,1390,1121,100Euro,648,21,1270,1119
100Euro_45_jpg.rf.81799ce33056174286fdef472227a44f.jpg,907,474,100Euro,2,0,907,474
100Euro_68_jpg.rf.7ad861ec2692855850d0e708020bb386.jpg,1121,1390,100Euro,1,103,1121,727
100Euro_48_JPEG.rf.7b165d92fcb55746a859fffa79a0f567.jpg,1024,768,100Euro,87,217,855,677
100Euro_80_JPEG.rf.8cdee5c76682528874c64891c6e9a74d.jpg,1600,1225,100Euro,40,621,808,1054
100Euro_58_JPEG.rf.9972f5cef9f8d154fc0f280cae10de3f.jpg,700,525,100Euro,130,275,596,517
100Euro_125_JPEG.rf.8d321b52782117dc7e4d18a22938b221.jpg,546,1000,100Euro,0,13,534,993
100Euro_155_JPEG.rf.a14ae832ebd9e96786cc3671cc41acf6.jpg,1024,1024,100Euro,34,106,487,925
100Euro_96_JPEG.rf.899364d8b95eceb960900d3b03cb94c6.jpg,960,554,100Euro,42,36,920,507
100Euro_189_JPEG.rf.97701984084f30cfc435b8202f6ae612.jpg,1390,1093,100Euro,774,17,1386,1056
100Euro_111_JPEG.rf.942c6f9f20242978692c50e0c057d7b4.jpg,700,700,100Euro,346,29,667,594
100Euro_124_JPEG.rf.9cc7a2f10d4c0b421a1627c6a0f75e21.jpg,957,1300,100Euro,108,42,780,1182
100Euro_28_JPEG.rf.98cb0ae8c3f637d243b510d34127e47c.jpg,1600,1196,100Euro,31,12,1582,1062
100Euro_185_JPEG.rf.85aa5870df78dc85fad803a2300a8721.jpg,956,1300,100Euro,236,97,804,1129
100Euro_57_jpg.rf.9d34ecb6dd186d3d027c4a14313a1dd7.jpg,1300,848,100Euro,43,118,1238,782
100Euro_30_JPEG.rf.a60055ffb7433772cf64e549464225cd.jpg,1600,1225,100Euro,772,161,1565,610
100Euro_23_JPEG.rf.9cd40ae9ed5f869c587faffd2e2bf9a4.jpg,830,471,100Euro,12,10,811,466
100Euro_153_JPEG.rf.a608029f5a609ec134e98a5134a45b49.jpg,474,907,100Euro,3,18,464,903
100Euro_129_JPEG.rf.9e62df2c7cb134c3a09eda3cc65ced53.jpg,1500,1373,100Euro,782,53,1440,1330
100Euro_9_jpg.rf.98d964789fab728ff51bfff46cc67d4b.jpg,1024,1024,100Euro,108,35,930,500
100Euro_173_JPEG.rf.a5b2d31dae080191710f336abe7a9482.jpg,471,830,100Euro,3,16,451,829
100Euro_98_JPEG.rf.9245eccf810190155a974acff2e21c44.jpg,1024,768,100Euro,157,96,941,515
100Euro_82_JPEG.rf.9b6440423aa1f8ef428c59d17367560c.jpg,1280,720,100Euro,664,181,1271,541
100Euro_12_JPEG.rf.9fc92a097d2c221e960bf61ea3a5a2b2.jpg,1300,806,100Euro,9,11,1294,715
100Euro_100_JPEG.rf.ab3b7562b80cda3c2c3a9283a233e02b.jpg,625,640,100Euro,0,3,328,632
100Euro_190_JPEG.rf.abd583913e4643c4d5b541465443fa71.jpg,1430,2078,100Euro,371,300,1237,1744
100Euro_2_JPEG.rf.a9a2e149bdbe7ee05830c7fa0c325d39.jpg,1121,1390,100Euro,21,659,1116,1275
100Euro_79_JPEG.rf.9846e5fbb8bd51c0777c451f3ecc0413.jpg,1373,1500,100Euro,86,78,1339,723
100Euro_138_JPEG.rf.adff050cef26baeede8e8f039dc86c17.jpg,956,1300,100Euro,53,200,600,1161
100Euro_33_JPEG.rf.ac3457812be360d3678138e48099b871.jpg,800,445,100Euro,0,4,798,443
100Euro_162_JPEG.rf.a76c2b66f2d7be9bf8ab863daa7a5f02.jpg,806,1300,100Euro,108,52,785,1298
100Euro_81_JPEG.rf.b05c60de8ad072f4a7c070775207d5ef.jpg,1500,938,100Euro,23,111,1453,869
100Euro_26_jpg.rf.8c24fdf8aacf6347058949ab66fc7003.jpg,1239,1300,100Euro,38,13,1130,647
100Euro_3_JPEG.rf.b0a186cc50f20b709d7294862e6732ee.jpg,907,474,100Euro,14,9,904,464
100Euro_126_jpg.rf.ae509a0bef6ee14ccf84337272811d16.jpg,1300,1239,100Euro,35,110,647,1223
100Euro_188_JPEG.rf.aee7313af1813bfa973169b63f6b695e.jpg,956,1300,100Euro,375,170,889,1101
100Euro_107_jpg.rf.b2e32c07c6f0fcbff6ed170891b31836.jpg,848,1300,100Euro,28,50,697,1223
100Euro_31_JPEG.rf.b3607e811c4fc5a194dc45c75f0cd207.jpg,1500,938,100Euro,38,81,1484,848
100Euro_174_JPEG.rf.b9b42184285d3127ef4eb7ccdcaaa10e.jpg,957,1300,100Euro,193,65,865,1253
100Euro_66_JPEG.rf.ba64a4ceb03d023c0693ab30d6359a97.jpg,907,474,100Euro,6,3,902,469
100Euro_73_JPEG.rf.b6911035d503d54555cd9edddf4ac476.jpg,830,471,100Euro,7,5,826,461
100Euro_74_JPEG.rf.b7b819493a57c4a32d79111f7b832fb3.jpg,1300,957,100Euro,23,240,1277,859
100Euro_176_jpg.rf.b979e33e326fdccbd6cbb213d51693a6.jpg,1300,1239,100Euro,38,30,647,1113
100Euro_18_jpg.rf.c0c02b069b9c65eaa3758ac698472ef4.jpg,1121,1390,100Euro,0,3,1114,633
100Euro_94_JPEG.rf.b60c82645483ffe41a12f0cef544c1fb.jpg,900,599,100Euro,157,20,763,290
100Euro_16_JPEG.rf.be092a0e2167ed7bb87c3f2a600b3a62.jpg,907,474,100Euro,2,6,880,469
100Euro_104_JPEG.rf.bf2ff19c2c9612996b89b35a550a1444.jpg,848,1300,100Euro,55,70,694,1210
100Euro_20_JPEG.rf.c21d5d702e6448a3fce39a289ab296b8.jpg,1600,1167,100Euro,115,74,734,420
100Euro_131_JPEG.rf.b6ded914e542d3edacf3ae09beacb23e.jpg,938,1500,100Euro,59,2,849,1486
100Euro_150_JPEG.rf.b32c39f13f0796e7f2f28430d7db1993.jpg,625,640,100Euro,291,14,621,632
100Euro_0_JPEG.rf.b45e01411563e9636aa38af2af29a0b9.jpg,640,625,100Euro,7,6,637,339
100Euro_8_JPEG.rf.b2a46ab0198fc0a045f90f14bf2fa79d.jpg,700,525,100Euro,108,9,579,254
100Euro_35_JPEG.rf.bc80209b6ea86f6a9aca8ccde5a5b098.jpg,1300,956,100Euro,96,153,1144,728
100Euro_117_jpg.rf.c3e8155920f970a69311d1757fa8b97e.jpg,806,1300,100Euro,11,0,720,1300
100Euro_197_JPEG.rf.c23e191965e01b1360105e30f400d7d6.jpg,842,1300,100Euro,128,22,807,1235
100Euro_106_JPEG.rf.bd635f18c3b1faba67c120eb057e8cc3.jpg,1300,1239,100Euro,652,114,1250,1181
100Euro_37_JPEG.rf.b4455183a1ebdc8dd3e5fb22e2602e6d.jpg,1300,795,100Euro,5,15,1278,781
100Euro_52_JPEG.rf.c233a83c53045e6b9c504a1aa67ddcde.jpg,1121,1390,100Euro,0,106,1106,723
100Euro_109_jpg.rf.c572d9a525ea688bf71843a0b0367ece.jpg,1024,1024,100Euro,43,93,500,928
100Euro_62_JPEG.rf.c7900a847d26e5b359fbeaac5bd13d19.jpg,1300,806,100Euro,4,100,1273,797
100Euro_170_JPEG.rf.c98c010879cda8a07c6c7f5857f1f6ff.jpg,1167,1600,100Euro,702,104,1106,724
100Euro_34_PNG.rf.c7d626815f6df6156bfdc8253a7a38ed.jpg,772,435,100Euro,43,60,712,428
100Euro_50_JPEG.rf.d628e212557373acbc27dd58c6216848.jpg,640,625,100Euro,2,1,617,285
100Euro_146_JPEG.rf.d963b785b945f100517d83f9cb8e9d81.jpg,554,960,100Euro,43,80,520,933
100Euro_69_JPEG.rf.d5eba90ad263828fa986b4e215cff326.jpg,1200,747,100Euro,35,67,1158,650
100Euro_175_JPEG.rf.c562099625dd72709d2e8762de7a8a96.jpg,546,1000,100Euro,3,8,543,990
100Euro_199_JPEG.rf.cd2c7cef893dc5f0446a75a468263f3f.jpg,512,887,100Euro,35,24,459,850
100Euro_19_JPEG.rf.cac0f74defa62ad1a50e9c068f7c45f6.jpg,1200,747,100Euro,45,54,1149,688
100Euro_178_JPEG.rf.cba1a5b9b20728449808edd9dfe13876.jpg,1196,1600,100Euro,134,58,1160,1598
100Euro_70_JPEG.rf.d801989cc063ab3619505749a08058ec.jpg,1600,1167,100Euro,826,719,1512,1104
100Euro_11_JPEG.rf.d93939c29b74a3c68c857ba2fa45386f.jpg,700,700,100Euro,63,325,667,668
100Euro_133_JPEG.rf.d3341c01789090eed5175a600be0c3d7.jpg,445,800,100Euro,2,10,421,796
100Euro_21_JPEG.rf.d6a87f1b5a0d308462e9a9c37092104d.jpg,1300,837,100Euro,49,27,1247,705
100Euro_158_JPEG.rf.dc668a3c78716e71f16b4901dfd63aee.jpg,525,700,100Euro,289,114,498,553
100Euro_44_JPEG.rf.db03b45fe272cbd6354c3d042fc44cfc.jpg,900,599,100Euro,167,298,728,574
100Euro_27_JPEG.rf.d6b446d722c233ccc7e45e074dc7d538.jpg,1227,1390,100Euro,28,673,1207,1257
100Euro_59_jpg.rf.d6c9482f032b31f3ce2d331bf3dc89ab.jpg,1024,1024,100Euro,81,40,938,500
100Euro_85_JPEG.rf.cde29fc70bb2d79bac3430490dd9a36b.jpg,1300,956,100Euro,145,229,1223,809
100Euro_194_JPEG.rf.dc247b318e7a7b73a35fb8bc03e23952.jpg,599,900,100Euro,23,127,311,706
100Euro_25_JPEG.rf.e2ca567b2994517002538b451d6f0331.jpg,1000,546,100Euro,7,0,989,543
100Euro_65_JPEG.rf.eee845d06f983dac0c9fc6c0fcfbc764.jpg,1300,726,100Euro,17,0,1252,715
100Euro_143_JPEG.rf.e408b4e09f123252aea5ce44b88ef86e.jpg,506,800,100Euro,37,17,462,773
100Euro_171_JPEG.rf.e35bab99c733a74510063538a1abfb7a.jpg,837,1300,100Euro,143,48,794,1242
100Euro_157_jpg.rf.ee52ac14c59c85094291b3a4b38a5114.jpg,848,1300,100Euro,128,40,794,1260
100Euro_72_JPEG.rf.f4e4ddbc493443059996f97ce2ddba2d.jpg,640,640,100Euro,33,10,606,317
100Euro_164_JPEG.rf.f43f2a814b2abf95d594de62b3a09e66.jpg,600,600,100Euro,103,31,403,565
100Euro_120_JPEG.rf.f191b6ce9c57ee06905741f5ea9fcf7b.jpg,1167,1600,100Euro,89,868,418,1481
100Euro_147_JPEG.rf.ea0f983a8adb50aa8329d863231b7697.jpg,842,1300,100Euro,32,34,712,1256
100Euro_144_JPEG.rf.f523ba6ec718c6afb50bc660a95c4d14.jpg,599,900,100Euro,303,161,571,745
100Euro_64_JPEG.rf.f9965fcec42512976e9f6234f7fb30a3.jpg,600,600,100Euro,32,86,578,436
100Euro_191_jpg.rf.f34e776f12f6fcbdf828a9ac3469c003.jpg,1390,1093,100Euro,98,5,688,1070
100Euro_76_jpg.rf.fc3d5f5a4bc07b8b0a8405379ff6a1af.jpg,1239,1300,100Euro,128,40,1184,630
100Euro_139_JPEG.rf.d17230d212a6c430b1f4729c15d2bcdd.jpg,1390,1093,100Euro,2,40,608,1065
100Euro_87_JPEG.rf.e4dffd11a2994db340b53fe4a8fe191f.jpg,1300,795,100Euro,18,59,1286,794
100Euro_168_jpg.rf.f5cdc70878bf07e63604615612181f65.jpg,1390,1121,100Euro,91,3,744,1121
100Euro_101_JPEG.rf.d9d52c96b49221591c131007a9f950c7.jpg,3024,4032,100Euro,369,213,2493,3876