filename,width,height,class,xmin,ymin,xmax,ymax
100Dollar_123_jpg.rf.2a9adc6db4f3888a71d76e5609a34cae.jpg,640,640,1Dollar,4,323,633,635
5Dollar_156_jpg.rf.2b75e42028bd639c79787bc0465bff9e.jpg,640,640,1Dollar,163,32,472,520
10Dollar_97_jpg.rf.2a47b180d20fceea17e85d3d512bb4f0.jpg,640,640,1Dollar,356,16,597,615
1Dollar_62_jpg.rf.2951715106d889a939eabe1c41593384.jpg,640,640,1Dollar,68,92,431,558
2Dollar_171_jpg.rf.2a827bec84f6684ba3e0290c96403740.jpg,640,640,1Dollar,295,149,418,522
50Dollar_27_jpeg_jpg.rf.2c26d0eed7bf8cb57bf71cba42f72ffe.jpg,640,640,1Dollar,102,176,534,417
5Dollar_76_jpg.rf.2a09fc0a25baf9b561ffe87f8764dd0b.jpg,640,640,1Dollar,42,9,322,617
2Dollar_166_jpg.rf.2d2818059877bf17459a4f582bb039ad.jpg,640,640,1Dollar,322,9,637,632
100Dollar_127_jpg.rf.2dc54eec9d2bb17441eb566d7968c106.jpg,640,640,1Dollar,14,14,625,314
2Dollar_16_jpg.rf.2bf34a641f1c800f9c011999c678fb6d.jpg,640,640,1Dollar,6,324,632,628
10Dollar_181_jpg.rf.2aff228573e6747fafe19042f2214eca.jpg,640,640,1Dollar,61,11,615,610
1Dollar_27_JPG_jpg.rf.2d7c78c13ebb5b954baf059d5ecec8d0.jpg,640,640,1Dollar,7,27,633,608
5Dollar_80_jpg.rf.29bf4a5490637d7b58c8a6be148b36ca.jpg,640,640,1Dollar,47,19,577,596
5Dollar_97_jpg.rf.2d9bba43852f1eeb6c136c4d953492e6.jpg,640,640,1Dollar,26,3,629,638
50Dollar_42_jpg.rf.2e2bc69401ba8425e0967b2d588bc1fe.jpg,640,640,1Dollar,23,440,613,621
2Dollar_147_jpg.rf.2a8fef1278f1253e6ddfa105b3a00ef7.jpg,640,640,1Dollar,5,15,631,626
1Dollar_193_jpg.rf.2a5ee70d16814bdaa6306cd21ef78305.jpg,640,640,1Dollar,65,43,550,625
1Dollar_192_jpg.rf.2de1934ae5cde12024e01a5b67fea178.jpg,640,640,1Dollar,117,42,510,599
50Dollar_28_jpg.rf.2e602cd2c6703105d52959d0fb2d6658.jpg,640,640,1Dollar,9,153,631,315
1Dollar_74_jpg.rf.2f3a8c1ae95f8015b93bec4f032a2d57.jpg,640,640,1Dollar,24,14,625,629
1Dollar_38_jpg.rf.2aa729f6a3e69c6c9e6de91819d8db92.jpg,640,640,1Dollar,13,14,623,594
1Dollar_97_jpg.rf.2ce016c469062bd14d41e1d83bc9193b.jpg,640,640,1Dollar,23,21,592,608
100Dollar_51_jpg.rf.2e68a288306ba5ba9977545d8eb78a18.jpg,640,640,1Dollar,237,165,508,525
5Dollar_98_jpg.rf.2e5b0405836badda631a2cffb181166b.jpg,640,640,1Dollar,8,13,608,628
1Dollar_169_jpg.rf.2eb8fa2e0fb42b1ce40557baca11b88f.jpg,640,640,1Dollar,60,31,585,611
100Dollar_133_jpg.rf.314b57385ac2290c5c84b79521449fac.jpg,640,640,1Dollar,8,12,628,313
5Dollar_44_jpg.rf.2eaef8068e69afbe867c7cdde1aa5a89.jpg,640,640,1Dollar,118,72,638,534
1Dollar_120_jpg.rf.2f817f640610f10f6b257e5ac8ded228.jpg,640,640,1Dollar,21,53,604,577
50Dollar_75_jpg.rf.32b3bba26efbda5a3c8a8a2dfe423e46.jpg,640,640,1Dollar,366,78,617,568
100Dollar_207_jpg.rf.31ffda859a1b39b9b261b6710f30da69.jpg,640,640,1Dollar,11,4,626,630
10Dollar_27_jpg.rf.32e16d0d40327c720a0c8b6fc7feec4c.jpg,640,640,1Dollar,7,95,638,473
5Dollar_36_jpg.rf.2f79c330e136dbb8f9bd85c03c650f33.jpg,640,640,1Dollar,20,21,609,614
2Dollar_13_jpg.rf.2edc2f144a07b4dd901621b0c4a6dc72.jpg,640,640,1Dollar,82,238,571,623
5Dollar_158_JPG_jpg.rf.309f0cb0e6bc1a4fa3ca8ed9b989ed51.jpg,640,640,1Dollar,233,4,443,608
5Dollar_4_jpg.rf.314cb62eed6d238c5d0ae89a420d3d52.jpg,640,640,1Dollar,55,118,621,484
1Dollar_31_JPG_jpg.rf.31c99616fd09563835d46f5121c1f5d1.jpg,640,640,1Dollar,32,50,630,575
5Dollar_74_jpg.rf.2ff798d24965f600ae203df1a15ff557.jpg,640,640,1Dollar,92,123,336,559
2Dollar_64_jpg.rf.31ea3b6e8ea64e99db9d441404bea4da.jpg,640,640,1Dollar,20,84,409,567
5Dollar_166_jpg.rf.34c10db96ff50a580bdc72f9549d09d3.jpg,640,640,1Dollar,279,183,614,640
5Dollar_64_JPG_jpg.rf.306f74494219866b70fa81428acdef6b.jpg,640,640,1Dollar,198,21,396,627
5Dollar_169_jpg.rf.3425d7861b961f3091a92eaa62091a43.jpg,640,640,1Dollar,264,158,607,639
50Dollar_58_jpg.rf.369b8c164a3d724a2ce664221d4ef853.jpg,640,640,1Dollar,137,4,485,634
1Dollar_84_jpg.rf.369681cc543efbb2d92686d50cb2f2be.jpg,640,640,1Dollar,192,31,515,604
1Dollar_182_jpg.rf.349828fcbff1f7dada58a14711c66877.jpg,640,640,1Dollar,12,14,278,606
2Dollar_67_jpg.rf.33432f3ecfb8a64e8ccca97726270390.jpg,640,640,1Dollar,123,38,515,608
1Dollar_131_JPG_jpg.rf.341d32d5c56aefe3a84a09775279e296.jpg,640,640,1Dollar,11,21,621,604
50Dollar_86_jpg.rf.35e686bc38b26bb4883d128e7870c513.jpg,640,640,1Dollar,17,4,618,633
10Dollar_55_jpg.rf.371a3adf0ed5192b85002ea1d5bcedf0.jpg,640,640,1Dollar,1,20,628,624
50Dollar_160_jpg.rf.3759177bb5a840a52655c84e524f5353.jpg,640,640,1Dollar,4,6,549,634
1Dollar_35_jpg.rf.392cff86382e68f36534d6f2d9adfcdd.jpg,640,640,1Dollar,30,140,615,507
100Dollar_141_jpg.rf.33fb0b1b47fa529e885dba9255238589.jpg,640,640,1Dollar,151,326,518,608
2Dollar_21_jpg.rf.3966152327f101eb0971cbf9120c8933.jpg,640,640,1Dollar,120,297,495,414
10Dollar_178_jpg.rf.348f89400b8b1e7d60a1d7a6cd8888b8.jpg,640,640,1Dollar,11,3,623,585
5Dollar_133_jpg.rf.3602a99d24abee74ee9358777478d4ce.jpg,640,640,1Dollar,40,118,604,540
1Dollar_99_jpg.rf.36c2448cecc8007bc84aa4f3887afc9e.jpg,640,640,1Dollar,123,4,454,603
5Dollar_109_JPG_jpg.rf.39d7cf1c935cdc855c281c8c086678f4.jpg,640,640,1Dollar,6,137,571,480
50Dollar_32_jpg.rf.39b6555459603693d5efc1f8d69832ab.jpg,640,640,1Dollar,13,329,629,627
5Dollar_47_jpg.rf.35d859c9f165d90c98833d461ae7df7a.jpg,640,640,1Dollar,15,20,610,575
2Dollar_61_jpg.rf.39916dc45390b48d527ea567e8eaaf1a.jpg,640,640,1Dollar,25,14,310,627
5Dollar_41_JPG_jpg.rf.342a090fae11b9cf77fe9c97b5fa71b9.jpg,640,640,1Dollar,8,80,639,572
50Dollar_138_jpg.rf.3a275b2c914d637c6af8f1095ec22341.jpg,640,640,1Dollar,6,75,611,604
100Dollar_135_jpg.rf.3b7ca16447dcc001061c252352214b64.jpg,640,640,1Dollar,9,301,629,579
2Dollar_115_jpg.rf.3a8e558603b98fd443701372f335075a.jpg,640,640,1Dollar,36,359,596,596
1Dollar_93_jpg.rf.3be9a4cde88a750c38260e618a00d69a.jpg,640,640,1Dollar,61,9,581,622
1Dollar_109_jpg.rf.374227786c028a86a19a81af633b0612.jpg,640,640,1Dollar,25,56,615,608
100Dollar_131_jpg.rf.39d4956b8bd686bff266401365274823.jpg,640,640,1Dollar,15,315,627,584
50Dollar_24_jpg.rf.3b151333e85fd8bad2d489874da92bce.jpg,640,640,1Dollar,10,27,631,610
100Dollar_112_jpeg_jpg.rf.3aefa2c9b22ad87ff1e5a393a7f659fc.jpg,640,640,1Dollar,2,6,635,628
2Dollar_135_jpg.rf.3d2ec672b6651ab9c4d13c524671ae8a.jpg,640,640,1Dollar,5,18,630,625
100Dollar_56_jpg.rf.3b589c169f1f4ff4a11ebd18e0237bb6.jpg,640,640,1Dollar,330,37,624,623
50Dollar_190_jpg.rf.400377bdd1c4282ac2aaf173a9155476.jpg,640,640,1Dollar,19,18,285,622
2Dollar_179_jpg.rf.3ae26823d13e53d2d165f8bfcf4f9a7a.jpg,640,640,1Dollar,39,10,304,627
1Dollar_113_png_jpg.rf.3d043983cb7ee72bb73af4241e02e883.jpg,640,640,1Dollar,26,37,625,608
10Dollar_53_jpg.rf.40815e9f1235c4a0f1ad2352ad7d641e.jpg,640,640,1Dollar,146,286,483,385
1Dollar_167_jpg.rf.3d29e4cf4cbfde12cfa7d2c65ac6fb71.jpg,640,640,1Dollar,12,11,554,638
5Dollar_27_jpg.rf.3ba5ea26bdb5d1df234c981807988c5f.jpg,640,640,1Dollar,25,333,630,630
2Dollar_26_jpg.rf.3de4000cc4e3994dd88d699cd7c2f4b1.jpg,640,640,1Dollar,7,327,623,623
100Dollar_103_jpg.rf.3e7d436c54bd6846c0747ce8ebc429a7.jpg,640,640,1Dollar,23,321,620,605
100Dollar_154_jpg.rf.3f998a18da1389d1bbb2b0fa279370d7.jpg,640,640,1Dollar,323,2,639,313
50Dollar_46_jpg.rf.3d500de8960648a38917af74504f2148.jpg,640,640,1Dollar,17,73,622,540
50Dollar_191_jpg.rf.3ba3d954d90a598c1ba912d22bb03b3e.jpg,640,640,1Dollar,14,11,483,575
5Dollar_19_jpg.rf.4126cbcec144f4e7bc84d4e7454d8c26.jpg,640,640,1Dollar,8,281,509,579
1Dollar_90_jpg.rf.3f507f04f3481b455e81fa7f90ee3290.jpg,640,640,1Dollar,26,16,597,625
1Dollar_119_jpg.rf.400f23bf1a73f06da6faf87706172837.jpg,640,640,1Dollar,17,26,622,619
100Dollar_202_jpg.rf.401551fa0d0896e44bad0305091067ef.jpg,640,640,1Dollar,13,13,312,633
1Dollar_121_jpg.rf.40ab8b2696abbd47de2b534e57a09587.jpg,640,640,1Dollar,4,158,617,506
10Dollar_6_jpg.rf.42a1b2b7c7e5703133f940c9ab0cffd2.jpg,640,640,1Dollar,152,30,490,621
50Dollar_99_jpg.rf.428925a2d02758bae16bb1cc2690c2f3.jpg,640,640,1Dollar,327,12,584,620
1Dollar_9_jpg.rf.41bd9ac690a56f3ad74a17991fc4dbcf.jpg,640,640,1Dollar,24,41,626,584
2Dollar_151_jpg.rf.4301d9089d370262a2f9b57c1f7aab3b.jpg,640,640,1Dollar,15,7,633,636
2Dollar_31_jpg.rf.40e35ddac7c7f59cbca0ca4f5faa2c12.jpg,640,640,1Dollar,2,7,640,627
10Dollar_80_jpg.rf.42b40d08e484e449c12f832acf3278eb.jpg,640,640,1Dollar,115,39,511,640
10Dollar_85_jpg.rf.436cba284ae6b1b61e2aa074d156a2d2.jpg,640,640,1Dollar,127,0,387,639
5Dollar_100_jpg.rf.41857fba4f82ae693e97c214f917ca0f.jpg,640,640,1Dollar,6,8,633,634
50Dollar_112_jpg.rf.42d3b84e3f361be17e6b2efbae366d22.jpg,640,640,1Dollar,96,79,550,456
10Dollar_56_jpg.rf.42a7455ea8fec085f351a4da46aae0ba.jpg,640,640,1Dollar,120,19,360,640
10Dollar_37_jpg.rf.42a642511d417dff19f3179191551bc6.jpg,640,640,1Dollar,46,231,562,374
50Dollar_43_JPG_jpg.rf.435624d96b482c5ce335b6f0b16928c2.jpg,640,640,1Dollar,1,11,634,636
10Dollar_167_jpg.rf.467e4bdc602d8ee5b3de209a513971ce.jpg,640,640,1Dollar,115,23,553,615
1Dollar_112_jpg.rf.40a4afeaaf7a95be85b93026a1f9e3a7.jpg,640,640,1Dollar,67,62,547,438
5Dollar_200_jpg.rf.4517a8134c1e5c87f35603ed3c17870d.jpg,640,640,1Dollar,11,9,637,622
100Dollar_119_jpg.rf.41eaff0bacf71875dfb48ba3eeba0b65.jpg,640,640,1Dollar,19,145,605,572
100Dollar_230_jpg.rf.444f3a814032690aee8846812d44908a.jpg,640,640,1Dollar,331,11,529,454
1Dollar_82_jpg.rf.4625a75f6136b1348dd03a252397885a.jpg,640,640,1Dollar,75,19,325,602
100Dollar_54_jpg.rf.46bfc3a2e0b6cf5f9847eab2e2a5869e.jpg,640,640,1Dollar,5,3,327,319
10Dollar_145_jpg.rf.446d7dd50f42d44ad4dafe2fa26b8211.jpg,640,640,1Dollar,25,197,603,541
10Dollar_91_jpg.rf.43ad604805cf7598009a4275ff619647.jpg,640,640,1Dollar,246,49,438,570
100Dollar_143_jpg.rf.46a75c2c29625d643ef7f680234b7162.jpg,640,640,1Dollar,3,9,629,623
2Dollar_65_jpg.rf.44a5b216064704049921158ddaef26cc.jpg,640,640,1Dollar,353,49,593,601
100Dollar_124_jpg.rf.490b0b4b69c9047c75d9ad4d6a598cb7.jpg,640,640,1Dollar,16,44,624,619
50Dollar_107_jpg.rf.4443b534efe5355c35c11d1461d0d00c.jpg,640,640,1Dollar,10,18,621,302
100Dollar_160_jpg.rf.49e6ae55852ab172fa1094e0e47c744c.jpg,640,640,1Dollar,19,356,615,621
50Dollar_114_jpg.rf.4949c2faaee364787fa049201d6bd396.jpg,640,640,1Dollar,8,133,637,488
100Dollar_85_jpg.rf.4c5d93ecf0db95354d1b98490d7e04fd.jpg,640,640,1Dollar,53,8,342,627
1Dollar_173_jpg.rf.467ab0e2425433472b3ddc5ff7d6729e.jpg,640,640,1Dollar,36,19,621,625
100Dollar_125_jpg.rf.4b2f95ca2cdc68c52d95f695b9ebc5be.jpg,640,640,1Dollar,3,22,634,633
1Dollar_147_jpg.rf.490b68d4aa487589f801e71f70d6ce10.jpg,640,640,1Dollar,21,43,626,559
1Dollar_152_jpg.rf.4a027448af169af4a2dda9453c4dec8c.jpg,640,640,1Dollar,47,27,284,592
50Dollar_61_jpg.rf.4c8e6c4951c0696f180de811392f5fca.jpg,640,640,1Dollar,44,7,323,633
10Dollar_169_jpg.rf.492e5740d31c3cb7a1c0a7bb7d2f13b1.jpg,640,640,1Dollar,129,2,576,570
10Dollar_34_jpg.rf.49a9dc0ed27ef3200d6ce4ae6c7f47cb.jpg,640,640,1Dollar,200,235,632,563
10Dollar_66_jpg.rf.4f9299833e91292e12e447b28c3ac524.jpg,640,640,1Dollar,0,107,627,537
5Dollar_55_jpg.rf.4cfb417ba9b7130b6e6ae82a42aa65b5.jpg,640,640,1Dollar,209,106,495,539
10Dollar_72_jpg.rf.492f917ca9b3e9acf6e6e5670a523f9b.jpg,640,640,1Dollar,123,57,444,574
2Dollar_142_jpg.rf.48aee1f25c69ec5716a6e6c5b52c9731.jpg,640,640,1Dollar,2,312,634,636
5Dollar_199_jpg.rf.4949497a44fdbe3cf00a65ac7e8370f8.jpg,640,640,1Dollar,5,6,614,640
100Dollar_184_jpg.rf.50ebd000dbf005b6f520b9ffb807b72c.jpg,640,640,1Dollar,12,354,623,621
2Dollar_164_jpg.rf.4588cf63ccd0cc80082220337f524d34.jpg,640,640,1Dollar,228,65,629,558
10Dollar_24_jpg.rf.4b17ba8eea4018432d507dde60255009.jpg,640,640,1Dollar,74,142,615,492
2Dollar_148_jpg.rf.4e5dffc94cdbe6654bc2447cac0ca410.jpg,640,640,1Dollar,14,63,601,401
1Dollar_185_jpg.rf.4fd137586678a626c4f9f8b00f614e63.jpg,640,640,1Dollar,155,26,517,637
5Dollar_167_jpg.rf.4df3f9583808835a4e25c752c01ef373.jpg,640,640,1Dollar,230,2,616,478
5Dollar_174_jpg.rf.4c343920644e5e117c0016483dc2e98e.jpg,640,640,1Dollar,35,75,282,521
50Dollar_194_jpg.rf.50d4d3804244240c06911617b48c2f90.jpg,640,640,1Dollar,235,90,633,622
2Dollar_108_jpg.rf.521d3ecbdc2dcd2996d69daa2e357e37.jpg,640,640,1Dollar,11,12,630,606
2Dollar_103_jpg.rf.50459158dd42853b1b9a10fbb5dd7925.jpg,640,640,1Dollar,59,358,622,591
50Dollar_118_jpg.rf.510a90ae62337e5266b90c0bfeb7fbb0.jpg,640,640,1Dollar,6,42,632,304
1Dollar_4_jpg.rf.4b7cc7fc80207d4635d8f856b6dab0f4.jpg,640,640,1Dollar,5,7,326,196
100Dollar_134_jpg.rf.5642b34f2a24368d9fef687742938b6f.jpg,640,640,1Dollar,19,15,625,282
2Dollar_150_jpg.rf.4f296593f96d116fb56580df9ee7b3c7.jpg,640,640,1Dollar,8,28,631,620
100Dollar_200_jpg.rf.5681ed6b5d14f1265fb0ef8421a0b4f3.jpg,640,640,1Dollar,102,26,531,609
10Dollar_192_jpg.rf.53e9ffc8ee85f1f62b3542b881dd05d9.jpg,640,640,1Dollar,277,164,384,478
1Dollar_176_jpg.rf.578c47a2351954c1a40dcbd56cf5c895.jpg,640,640,1Dollar,13,33,292,614
10Dollar_75_jpg.rf.540327ff06d401bda578eeac9341cd46.jpg,640,640,1Dollar,223,1,480,628
2Dollar_170_jpg.rf.575ada9f1c6b541e33b75082c89a02ee.jpg,640,640,1Dollar,5,9,296,634
2Dollar_52_jpg.rf.579c21c2fcffd5742c9de37a925418e5.jpg,640,640,1Dollar,174,43,574,599
10Dollar_136_jpg.rf.569d06c6351411d37a476782ea8d7d93.jpg,640,640,1Dollar,1,106,601,511
10Dollar_2_jpg.rf.56bd030ab49dd865afc1c41b668ad641.jpg,640,640,1Dollar,226,64,418,575
100Dollar_228_jpg.rf.56253a8ec652b42adbcd2e44143e2716.jpg,640,640,1Dollar,309,32,551,609
2Dollar_53_jpg.rf.5673f18426c6ee58f7152649a272cbff.jpg,640,640,1Dollar,56,21,284,578
100Dollar_106_jpg.rf.54a9958dfdf060beae396ec6f3ec96c9.jpg,640,640,1Dollar,34,325,620,617
5Dollar_136_jpg.rf.54fb6665c32354e50b4bf3d2a1baa4ac.jpg,640,640,1Dollar,12,26,624,614
5Dollar_17_jpg.rf.574a7af2983dc330859c29520a7de5e5.jpg,640,640,1Dollar,161,241,639,612
1Dollar_171_jpg.rf.587baad6af8a41b1b59678235c4c4980.jpg,640,640,1Dollar,134,0,488,625
2Dollar_117_jpg.rf.51269eca5eb34cf9cc8c12ea16c5449f.jpg,640,640,1Dollar,40,133,599,507
1Dollar_86_jpg.rf.53bfda5cae264598a8b394bbecff5208.jpg,640,640,1Dollar,44,37,582,620
5Dollar_95_jpg.rf.5981eefa3eb239dc1d68ad6ea1b8c77d.jpg,640,640,1Dollar,186,136,630,638
5Dollar_173_jpg.rf.583116767cbc4815ed0cef1d58f3b401.jpg,640,640,1Dollar,23,4,606,615
2Dollar_100_jpg.rf.57e2b1f79b9025b66f862dc3eff1d6ca.jpg,640,640,1Dollar,19,12,626,624
2Dollar_184_jpeg_jpg.rf.590e591b9f8d73d2a90d0dc19d510a49.jpg,640,640,1Dollar,6,7,311,633
100Dollar_236_jpg.rf.58eaeb7b7fa96e538dbca60f8212bee6.jpg,640,640,1Dollar,107,112,556,628
5Dollar_26_jpg.rf.5844b6f16be78b83e63ca4b184700a1d.jpg,640,640,1Dollar,21,326,627,572
10Dollar_138_jpg.rf.57e257b5d2c96b2386ebaae6aaf61522.jpg,640,640,1Dollar,9,25,636,633
100Dollar_182_jpg.rf.5989b5c93413fd0dd7ba7e64a1722916.jpg,640,640,1Dollar,18,52,619,520
1Dollar_180_jpg.rf.5ba1555fa23464c452d0085dfc31aca7.jpg,640,640,1Dollar,121,74,509,573
1Dollar_149_jpg.rf.5ae93ccdbe9a6d5823c3e78866acdf50.jpg,640,640,1Dollar,42,99,631,450
1Dollar_143_jpg.rf.598d906e87275c5541e29d3437f4c454.jpg,640,640,1Dollar,29,68,625,593
50Dollar_166_jpg.rf.5ad4ede04774daaad6c3c775ec2e0716.jpg,640,640,1Dollar,8,8,607,626
5Dollar_28_jpg.rf.59dd906c84d54228a19e39c924f0b0ec.jpg,640,640,1Dollar,41,1,628,573
50Dollar_111_jpg.rf.588afc08907ed273d610e5133408511a.jpg,640,640,1Dollar,8,49,632,322
10Dollar_180_jpg.rf.5d304975aef78253f6029037311e62d6.jpg,640,640,1Dollar,3,12,598,620
1Dollar_45_jpg.rf.5f3cc065af54523ac9565b4faa174780.jpg,640,640,1Dollar,1,15,634,618
50Dollar_113_jpg.rf.5c2be156aca1627a73f1e01484fd704e.jpg,640,640,1Dollar,7,324,606,629
100Dollar_62_jpeg_jpg.rf.5ad5ca5ae30f2c640e1de8e7f0e1a0b1.jpg,640,640,1Dollar,13,2,636,635
1Dollar_158_jpg.rf.5b7864d62b3f554b11778d3cdf022813.jpg,640,640,1Dollar,10,33,300,606
100Dollar_64_jpg.rf.5b75d185737d9a9bb65b873b6461f3c3.jpg,640,640,1Dollar,46,5,317,633
50Dollar_57_jpg.rf.57e88ed9d07f490b695510237a572b81.jpg,640,640,1Dollar,326,9,631,626
50Dollar_157_jpg.rf.5ebd6e337271c14fb82e96693f667325.jpg,640,640,1Dollar,4,12,305,629
50Dollar_95_jpg.rf.5d2dac4213d8ade0acd955982c6b0fb8.jpg,640,640,1Dollar,174,23,546,570
2Dollar_189_jpg.rf.5f04308977bcf2fd92bf1d28e3648e40.jpg,640,640,1Dollar,104,45,552,588
100Dollar_203_jpg.rf.5a85d508f98c2e09f58dc37b59940415.jpg,640,640,1Dollar,20,17,302,621
100Dollar_109_jpg.rf.5f6a8a92f2adbbcf4493b9ea1e43a6ab.jpg,640,640,1Dollar,37,64,566,531
2Dollar_12_jpg.rf.5e65e74e4a2d52ca492e1e184cfd7a76.jpg,640,640,1Dollar,13,311,624,609
10Dollar_186_jpg.rf.5d83253cde4faeeb2697dec22a7555de.jpg,640,640,1Dollar,223,152,322,466
10Dollar_147_jpg.rf.5f4d385fd3d004c887ac8abd4a5a3ca6.jpg,640,640,1Dollar,0,131,631,520
1Dollar_87_jpg.rf.5fb835ff91fb47f681f56528cc0be45d.jpg,640,640,1Dollar,22,26,595,612
1Dollar_95_jpg.rf.5c3bdaa30aa267ce6c30d37d3fd66671.jpg,640,640,1Dollar,43,11,615,620
1Dollar_65_jpg.rf.5ee1e61a65a90e4ad3b01a72425e13e6.jpg,640,640,1Dollar,7,3,629,624
10Dollar_182_jpg.rf.5e8ac1d2c7cd485e507e4bd20eb76ca9.jpg,640,640,1Dollar,211,71,538,579
5Dollar_182_jpg.rf.5fb0db14a93e76171e903b99bd243c6e.jpg,640,640,1Dollar,14,17,300,612
2Dollar_194_jpg.rf.602cfa15c9c6ca865ff62f4d47208f61.jpg,640,640,1Dollar,9,3,310,634
10Dollar_69_jpg.rf.5f9c8843892b56eda51d2ee492010558.jpg,640,640,1Dollar,159,31,513,591
10Dollar_122_jpg.rf.608f16af50983242cc266abad0970ae7.jpg,640,640,1Dollar,16,102,627,527
10Dollar_52_jpg.rf.5f9e1e52bdcacac74e1489d93f814ada.jpg,640,640,1Dollar,1,52,626,477
10Dollar_176_jpg.rf.63c1082f8cc3d44052de0c4c88eb293a.jpg,640,640,1Dollar,158,13,519,627
2Dollar_105_jpg.rf.624d0e961c45c37d829e64afbf2a7403.jpg,640,640,1Dollar,1,123,612,457
5Dollar_117_jpg.rf.6221057afbd83a5227444973249e89fb.jpg,640,640,1Dollar,3,44,493,399
5Dollar_6_jpg.rf.6262ba949c2103397d15d6f14e23ed21.jpg,640,640,1Dollar,138,168,609,482
2Dollar_41_jpg.rf.64fb403ba85ac2050f0e1ee475456523.jpg,640,640,1Dollar,2,23,634,625
5Dollar_154_jpg.rf.60b48a5d5316f0a014b1c314a9402a23.jpg,640,640,1Dollar,151,11,479,563
10Dollar_141_jpg.rf.60f402879b44e739bfaa86cd3ea70f79.jpg,640,640,1Dollar,42,334,634,613
50Dollar_60_jpg.rf.60faab4d6b2cc6a125006ee52dbc8165.jpg,640,640,1Dollar,101,5,624,636
2Dollar_48_jpg.rf.6668e43523da574941305ced964a9adb.jpg,640,640,1Dollar,36,250,608,566
100Dollar_67_jpg.rf.66231ff0f6e28773aeafb5140bbfc520.jpg,640,640,1Dollar,327,23,616,603
50Dollar_76_jpg.rf.627ccf9d079765213bbed210f14a6c99.jpg,640,640,1Dollar,141,42,501,604
2Dollar_195_jpg.rf.658fbb41a6ae29a0de47aed9f9f0038a.jpg,640,640,1Dollar,14,3,618,629
10Dollar_142_jpg.rf.68149b88827106c6d9b0cf4e8585f87f.jpg,640,640,1Dollar,31,436,315,618
50Dollar_115_jpg.rf.65047552d37becc13c5f3317e44bcecb.jpg,640,640,1Dollar,6,104,637,626
1Dollar_43_jpg.rf.60f9594f44dd8f6ad351e804bbc3688f.jpg,640,640,1Dollar,39,65,620,582
2Dollar_183_jpg.rf.63b38917da3b2611609a437220563124.jpg,640,640,1Dollar,21,21,606,629
10Dollar_123_jpg.rf.6778c7b9f9f67df836594702616920de.jpg,640,640,1Dollar,3,241,638,448
50Dollar_104_jpg.rf.6150a967da75ee0676bbd75c310a5551.jpg,640,640,1Dollar,11,30,619,596
5Dollar_56_jpg.rf.65a93db6869cfba8980cdb292dd57f56.jpg,640,640,1Dollar,202,113,463,603
50Dollar_83_jpg.rf.699a035f44aebfdcef564052c0ec76ad.jpg,640,640,1Dollar,198,45,505,598
100Dollar_229_jpg.rf.690653b965dbde45f4cf3787501c5b71.jpg,640,640,1Dollar,161,10,313,630
1Dollar_164_jpg.rf.676272e31f2723686cbc322f1d84a294.jpg,640,640,1Dollar,48,24,610,611
50Dollar_147_jpg.rf.66ffe0a8899309b115236298a3fb6120.jpg,640,640,1Dollar,11,102,629,570
2Dollar_30_jpg.rf.6b178d3c4599b25630e8f5c86ebc4755.jpg,640,640,1Dollar,20,129,615,495
100Dollar_201_jpg.rf.6c08d8288d38b28cce1ea78c5a9140f7.jpg,640,640,1Dollar,133,116,398,470
50Dollar_144_jpg.rf.6bfbdc62df2497e0fef39823b21a9f20.jpg,640,640,1Dollar,60,17,615,402
2Dollar_96_jpg.rf.69cada687461350cbfd9e38b068b8c98.jpg,640,640,1Dollar,219,78,439,589
1Dollar_111_jpg.rf.69aca3bfc54fac37759e7d9317f34206.jpg,640,640,1Dollar,82,341,528,527
2Dollar_174_jpg.rf.6ca2cc8abdc480d8519f9dbc58d2204d.jpg,640,640,1Dollar,11,98,306,545
50Dollar_186_jpg.rf.695f7b8d1a4806ca8d097e3b3ab5aa84.jpg,640,640,1Dollar,30,7,613,635
5Dollar_67_jpg.rf.6c49faaa919009beedc6fe8cc05bd961.jpg,640,640,1Dollar,45,155,414,639
50Dollar_140_jpg.rf.6c301f83a2999bbf69fbd8014fccd461.jpg,640,640,1Dollar,18,71,617,321
50Dollar_197_jpg.rf.6b5e203ffc39777aed1f7e6d68df2cd6.jpg,640,640,1Dollar,71,14,539,623
10Dollar_154_jpg.rf.6938400b5e97d40bcccdfdac9cd6fb0c.jpg,640,640,1Dollar,7,89,614,606
10Dollar_78_jpg.rf.6949ac4e2d7cd38a9fe253d67ea357e0.jpg,640,640,1Dollar,131,62,535,633
2Dollar_4_jpg.rf.6b803de2b8d9c41b153e67cfba8b288f.jpg,640,640,1Dollar,27,208,633,526
1Dollar_122_jpg.rf.6e00f0e445657c8cd83126ccdbe0af42.jpg,640,640,1Dollar,52,68,617,570
2Dollar_8_jpg.rf.6a12e7aeaf92808c00f5009b98862b6d.jpg,640,640,1Dollar,10,18,628,612
100Dollar_180_jpg.rf.6d1cebfb8fdca6513a833c14ac4a31bc.jpg,640,640,1Dollar,5,323,630,615
100Dollar_145_jpg.rf.6e398d4a78b58136d43855df134e4f23.jpg,640,640,1Dollar,6,7,635,622
10Dollar_198_jpg.rf.6d14cce10d2d7fc6fd2c62b0e8f2ffee.jpg,640,640,1Dollar,225,19,441,633
5Dollar_51_jpg.rf.6d7e8a2e9f18d8cd42d2ffa2eb2b2e7a.jpg,640,640,1Dollar,215,44,497,565
5Dollar_16_jpg.rf.6e23820f8b5339563c809acb629c259c.jpg,640,640,1Dollar,4,292,468,602
10Dollar_140_jpg.rf.6d49d3e81728822203e0c329fec77b0c.jpg,640,640,1Dollar,15,31,632,625
1Dollar_155_jpeg_jpg.rf.6ec44d81924604ebb5162961960c99e6.jpg,640,640,1Dollar,39,15,623,628
50Dollar_142_jpg.rf.6d6ea57e6f290cda5cbb0a49dcdaf73f.jpg,640,640,1Dollar,25,18,614,199
2Dollar_173_jpg.rf.6e9401d7598001e72adb3d1bb5aeead4.jpg,640,640,1Dollar,28,15,608,630
100Dollar_130_jpg.rf.6dfea444bf2f50abb4551ad206cef5e7.jpg,640,640,1Dollar,6,6,629,314
100Dollar_234_jpg.rf.6fcda387efa2f58494c5939dd4ec2ac5.jpg,640,640,1Dollar,14,14,292,628
1Dollar_126_jpg.rf.6dc06eda0cdb23c9032632da07347381.jpg,640,640,1Dollar,32,19,610,313
5Dollar_75_jpg.rf.65527c84a21d5d8d418b812b7695ea20.jpg,640,640,1Dollar,6,24,317,621
50Dollar_31_jpg.rf.6db102a816ecc86bebda1373ac926880.jpg,640,640,1Dollar,18,334,623,612
5Dollar_118_jpg.rf.6b777205eb96d6922c47de599cdd1c6a.jpg,640,640,1Dollar,11,167,623,383
100Dollar_214_jpg.rf.6e5c81faa9a7b8f122afff025f5daff0.jpg,640,640,1Dollar,321,7,594,636
100Dollar_60_jpg.rf.6f15a7dc0ac69c870799313cb9869492.jpg,640,640,1Dollar,70,30,344,621
100Dollar_83_jpg.rf.70176553578ceefe1b26e86dc03beda4.jpg,640,640,1Dollar,10,7,302,625
50Dollar_184_jpg.rf.70ba98ee8e66409dfc9b3d272619d35a.jpg,640,640,1Dollar,3,168,308,559
100Dollar_186_jpg.rf.712d2c5549716a8ec39206e73595bcba.jpg,640,640,1Dollar,105,58,624,531
2Dollar_128_jpg.rf.71f76a411597ebb929be122eb7949436.jpg,640,640,1Dollar,12,17,618,296
100Dollar_238_jpg.rf.7352cfaa4ec29f6aaa9817d78b36717f.jpg,640,640,1Dollar,45,135,327,516
2Dollar_3_jpg.rf.71083b101243112d9e6847bcdfb20317.jpg,640,640,1Dollar,15,358,585,585
1Dollar_118_jpg.rf.72ca0154d2478d21565f8553add81606.jpg,640,640,1Dollar,28,41,607,586
100Dollar_93_jpg.rf.715b592485a7eaf68757e1b06f4b9211.jpg,640,640,1Dollar,14,9,621,633
1Dollar_98_JPG_jpg.rf.72ecf0aab19ad259aee7fed2a2fdb7d4.jpg,640,640,1Dollar,30,18,625,631
10Dollar_70_jpg.rf.71d4882d1c7d1b648b59b337649dc32a.jpg,640,640,1Dollar,83,10,632,624
100Dollar_170_jpg.rf.70489d1c7ca777cc244031b6229ad8ac.jpg,640,640,1Dollar,64,227,522,468
10Dollar_143_jpg.rf.70c5f3fd0b5914128b5fe1844f21ca12.jpg,640,640,1Dollar,25,43,609,608
2Dollar_178_jpg.rf.710919c0ee2f803dfaa9f37e09a6ec65.jpg,640,640,1Dollar,20,23,307,626
2Dollar_82_jpg.rf.72dfd9c84937d63bb13812db15d6585c.jpg,640,640,1Dollar,92,49,299,546
50Dollar_158_jpg.rf.73ae7dcfdce8f9039500c205ac7c636d.jpg,640,640,1Dollar,151,9,502,632
2Dollar_99_jpg.rf.72ad02c1d5ae2b847d0d5c3171ea7bb5.jpg,640,640,1Dollar,329,8,634,631
5Dollar_120_jpg.rf.7081150207b636afbc809849b57e4523.jpg,640,640,1Dollar,6,103,497,399
2Dollar_51_jpg.rf.75ea04d9fcae1f3bd93aba435c312c52.jpg,640,640,1Dollar,12,3,607,633
10Dollar_188_jpg.rf.738fc134ed57d56563bd70e01a101435.jpg,640,640,1Dollar,124,204,535,348
2Dollar_7_jpg.rf.74056387703198ef62b70bc52ea6eec3.jpg,640,640,1Dollar,28,34,615,501
5Dollar_111_JPG_jpg.rf.763188fec44b47834ed7691f7a013dee.jpg,640,640,1Dollar,8,219,638,440
2Dollar_95_jpg.rf.75fac543e851ce3f4125bd0acdfc7def.jpg,640,640,1Dollar,6,8,622,634
50Dollar_20_jpg.rf.74e77c6e30b3ee33092cf406562b2236.jpg,640,640,1Dollar,12,12,632,620
2Dollar_185_jpg.rf.7756e1bc917cb07828c20108f87e84ce.jpg,640,640,1Dollar,10,2,620,632
2Dollar_35_jpg.rf.7755a41d1e180810e53d67c8b35a8d7d.jpg,640,640,1Dollar,5,11,634,624
50Dollar_188_jpg.rf.765ac5d5c08f0a0822757ee4a65160f5.jpg,640,640,1Dollar,16,20,585,615
1Dollar_8_jpg.rf.7538674022812cfa5ab2d89a8c72c8d0.jpg,640,640,1Dollar,36,31,601,294
2Dollar_168_jpg.rf.75c5356648099dd8cf93bcff2ddaae99.jpg,640,640,1Dollar,264,29,595,519
2Dollar_192_jpg.rf.76e87dd328a5b643c37900baff6d1d8f.jpg,640,640,1Dollar,5,4,320,633
100Dollar_84_jpg.rf.7a27c776ffd0a72afd90ff118897b214.jpg,640,640,1Dollar,61,14,333,621
2Dollar_76_jpg.rf.7acb89dd935cdb260ed9aeffa9b0a5cf.jpg,640,640,1Dollar,325,0,634,637
1Dollar_5_jpeg_jpg.rf.7bc3d750573753c582d53eb30af5bf7a.jpg,640,640,1Dollar,22,16,620,602
100Dollar_235_jpg.rf.75ba17e3f4897daf1e5ec207d3824314.jpg,640,640,1Dollar,2,5,299,631
5Dollar_198_jpg.rf.7689830c7c8bd47bdf63d05e682b7031.jpg,640,640,1Dollar,4,11,620,626
1Dollar_153_jpg.rf.79f201e53b7bd91c2bf14baa647928e9.jpg,640,640,1Dollar,18,21,593,625
50Dollar_89_jpg.rf.7d817f0565a087c52775d0be6b9f1dcd.jpg,640,640,1Dollar,92,6,624,634
5Dollar_2_jpg.rf.7b56009d5965cbabcb03c39a2a7ee74d.jpg,640,640,1Dollar,22,245,622,437
5Dollar_145_jpg.rf.7bcfa3c79c2d8c231662f74f75c02a23.jpg,640,640,1Dollar,5,180,525,627
10Dollar_90_jpg.rf.7d74e5f5960481d13c80f8fb11c68456.jpg,640,640,1Dollar,160,31,519,586
10Dollar_84_jpg.rf.7cd931fa7f29731aa4ac626cd72b7934.jpg,640,640,1Dollar,110,101,294,529
2Dollar_83_jpg.rf.7cbf099bc1782f59003985845be8ab62.jpg,640,640,1Dollar,50,9,602,635
50Dollar_178_jpg.rf.7d742896c6ef82916e7d0e117d92b112.jpg,640,640,1Dollar,316,4,481,629
100Dollar_57_jpg.rf.7bee3de7b2e5a10e987c324758cbca76.jpg,640,640,1Dollar,12,6,631,637
50Dollar_56_jpg.rf.7df6d30765e66593e9ad23e3292f458e.jpg,640,640,1Dollar,101,6,629,631
10Dollar_163_jpg.rf.7d0a1e10245c2feff0796fd03b116804.jpg,640,640,1Dollar,59,188,596,475
100Dollar_96_jpg.rf.7dd8746b461e88aac12f40fba6f1ed7c.jpg,640,640,1Dollar,355,17,630,626
10Dollar_67_jpg.rf.7d02faa55802e516d3f0af33709d33cd.jpg,640,640,1Dollar,114,17,498,628
10Dollar_51_jpg.rf.7bd7b0faeb8b31f4e84bba296ee618e9.jpg,640,640,1Dollar,56,104,636,465
10Dollar_155_jpg.rf.7f712e17b2e6fa5560040b2998f01023.jpg,640,640,1Dollar,334,172,553,493
2Dollar_144_jpg.rf.7eb52542404e3b9b72ceedc6570a7b10.jpg,640,640,1Dollar,4,321,634,631
10Dollar_111_jpg.rf.7fc136af977d53ded4e018601f069467.jpg,640,640,1Dollar,18,281,636,510
1Dollar_59_jpg.rf.7ff76949d54cb92bece04ec532dcbce8.jpg,640,640,1Dollar,50,32,587,617
100Dollar_55_jpg.rf.80e77409612872707120374e534e7ff7.jpg,640,640,1Dollar,37,15,603,622
10Dollar_11_jpg.rf.82427b114c049665b348987e192ff5fc.jpg,640,640,1Dollar,25,89,624,515
10Dollar_77_jpg.rf.82f96c77c6d2cc8ae4d05aa69350c947.jpg,640,640,1Dollar,19,20,608,621
100Dollar_187_jpg.rf.82a21d54327d7bc89f4b1d2277809697.jpg,640,640,1Dollar,41,208,524,520
100Dollar_142_jpg.rf.7f080c3c80b879d823f2e0fbf56cfdcd.jpg,640,640,1Dollar,3,8,634,312
1Dollar_101_jpg.rf.7fdc5f4c6039b3b5287363f53da26601.jpg,640,640,1Dollar,12,173,638,542
2Dollar_28_jpg.rf.79941e13aa0e6522098cd6be526c4d82.jpg,640,640,1Dollar,24,333,621,616
2Dollar_121_jpg.rf.80dcd4a9467da08709d4628eb31eb4fd.jpg,640,640,1Dollar,148,225,524,347
1Dollar_168_jpg.rf.818b0a4e9ce3a51f3999f77a494190a3.jpg,640,640,1Dollar,42,22,597,613
5Dollar_125_jpg.rf.824506f3507d31ffd5ce1d7a44419086.jpg,640,640,1Dollar,14,28,628,301
5Dollar_172_jpg.rf.7f034458ad19a4f12a2b66d1fb576416.jpg,640,640,1Dollar,145,11,550,558
100Dollar_206_jpg.rf.7ef349da7894c6accb7f75890e971bf3.jpg,640,640,1Dollar,316,19,605,608
10Dollar_184_jpg.rf.8462ae9c0b9031baabe7b69acbdba691.jpg,640,640,1Dollar,133,8,498,586
100Dollar_82_jpg.rf.8262d89b027996a4864aad48f4c6a541.jpg,640,640,1Dollar,66,18,514,621
50Dollar_55_jpg.rf.844ae01231777bf522aa1211d98ee0a4.jpg,640,640,1Dollar,15,6,620,630
100Dollar_224_jpg.rf.7ed5fcee2332845f76e365805b8410a3.jpg,640,640,1Dollar,36,14,482,283
2Dollar_161_jpg.rf.86fd60eb8b885f17e3e4d3dbd3e21300.jpg,640,640,1Dollar,319,15,612,626
1Dollar_156_jpg.rf.83e947aa998babbeefc2f2b9308a480a.jpg,640,640,1Dollar,91,249,555,634
5Dollar_184_jpg.rf.7f456185bb59c6a9d2b5b7436837d237.jpg,640,640,1Dollar,12,15,616,623
100Dollar_226_jpg.rf.81cd0f70e6ce2a74c1183591a51288e7.jpg,640,640,1Dollar,1,5,625,634
2Dollar_50_jpg.rf.842a5906e430fec31b1b6744cf03aa30.jpg,640,640,1Dollar,9,19,629,617
2Dollar_167_jpg.rf.876643816efd1839a1cfe51ac7ee0619.jpg,640,640,1Dollar,122,33,508,600
100Dollar_140_jpg.rf.88e6957390f059dd0521c32752f999c4.jpg,640,640,1Dollar,122,25,513,347
100Dollar_225_jpg.rf.84336af79381dead15502a79dbec0dc8.jpg,640,640,1Dollar,15,6,634,634
100Dollar_63_jpg.rf.874da4b726a5450b015fac96f9af039e.jpg,640,640,1Dollar,352,8,630,630
50Dollar_102_jpg.rf.8662747e2a50f4825c4e283cc9fc94bf.jpg,640,640,1Dollar,12,20,621,298
5Dollar_82_jpg.rf.87d7dc1076882c6ff03843b1c5b5af34.jpg,640,640,1Dollar,3,9,301,627
1Dollar_6_jpg.rf.8919ca159e4105431d862fb7ccd6138a.jpg,640,640,1Dollar,7,116,384,537
10Dollar_15_jpg.rf.88086051bfd8fc1d87b848583272a71c.jpg,640,640,1Dollar,172,13,394,639
1Dollar_20_jpg.rf.8dcf13cc9735d0ca5caed602538a9d6c.jpg,640,640,1Dollar,9,45,624,597
50Dollar_13_jpg.rf.8aaf0022e05ca1c214471179a2baf5f4.jpg,640,640,1Dollar,28,12,633,319
50Dollar_137_jpg.rf.8a083a8d30c5fa2681422a645354624f.jpg,640,640,1Dollar,8,112,630,613
100Dollar_122_jpg.rf.87c4d38687641082c02b1ca02254b968.jpg,640,640,1Dollar,23,69,620,551
1Dollar_148_JPG_jpg.rf.885f14ae5e9506215b53691a6eb8de74.jpg,640,640,1Dollar,20,26,622,618
5Dollar_13_JPG_jpg.rf.8e7aa2d93b5cd5abbd911490e4433de7.jpg,640,640,1Dollar,11,66,618,437
100Dollar_88_jpg.rf.89e222c783823e9553ddb93f7c0ee76e.jpg,640,640,1Dollar,25,108,323,528
50Dollar_18_jpg.rf.8c72570f1d55101c4c9112067fba432f.jpg,640,640,1Dollar,20,29,616,306
10Dollar_137_jpg.rf.8a88ec74007dd9572c44e5126da97a41.jpg,640,640,1Dollar,6,100,639,537
2Dollar_33_jpg.rf.8d6c7cc046f4624211206af6f502dab4.jpg,640,640,1Dollar,6,20,633,607
50Dollar_159_jpg.rf.8dbad2e28ebf7d7177992b1fd0bf6a3c.jpg,640,640,1Dollar,96,29,545,602
100Dollar_138_jpg.rf.8dd6f5c611b1db05e43da09af92c03fa.jpg,640,640,1Dollar,115,307,529,616
10Dollar_5_jpg.rf.8bc600d53517cca98170af88bf0e6c71.jpg,640,640,1Dollar,4,4,636,606
5Dollar_161_JPG_jpg.rf.8cea39b94f0fc570ee026f152f00951a.jpg,640,640,1Dollar,199,9,422,627
2Dollar_71_jpg.rf.8e315f1552482d0d41620ff384e51b8c.jpg,640,640,1Dollar,227,121,347,494
50Dollar_85_jpg.rf.8e89763af5371853433b071b8caeea17.jpg,640,640,1Dollar,225,66,570,593
5Dollar_24_jpg.rf.8cccebcee15160babc996b2800462127.jpg,640,640,1Dollar,116,39,561,282
100Dollar_198_jpg.rf.8a7e3e68481c639ebb0817020b357613.jpg,640,640,1Dollar,4,9,633,618
2Dollar_45_jpg.rf.8f4d8d6508982a13b618d2006716a383.jpg,640,640,1Dollar,6,16,635,627
100Dollar_95_jpg.rf.8f27d1e7e7579979bf62bae9639e4442.jpg,640,640,1Dollar,12,5,634,632
100Dollar_213_jpg.rf.8ee832a8f83722c45b37814f025275ae.jpg,640,640,1Dollar,10,7,292,625
10Dollar_61_jpg.rf.90caf7f195d9341f7b64f99a33056a8e.jpg,640,640,1Dollar,25,8,629,625
100Dollar_239_jpg.rf.90d400f7f3a9a9577efba2c11d76b11d.jpg,640,640,1Dollar,95,17,542,618
50Dollar_78_jpg.rf.8e34009901f67887299ddcf08952f3d9.jpg,640,640,1Dollar,161,9,323,630
5Dollar_134_jpg.rf.9138e231e8543a9cade67b4652cf09d3.jpg,640,640,1Dollar,16,42,625,610
1Dollar_67_jpg.rf.9006e93f75ede8801c3d0f5796fb6016.jpg,640,640,1Dollar,89,2,612,640
2Dollar_193_jpg.rf.8fcee420440984576683cc56a23494bc.jpg,640,640,1Dollar,171,113,462,596
2Dollar_80_jpg.rf.910321232f3c794eeb58b27e0c553a88.jpg,640,640,1Dollar,154,32,529,622
2Dollar_47_jpg.rf.9131690054543369d0d382c5081a6e27.jpg,640,640,1Dollar,8,16,631,630
10Dollar_125_jpg.rf.93562ec044e28fe3261089a1b0d1422d.jpg,640,640,1Dollar,7,155,636,565
10Dollar_30_jpg.rf.89156aeaa44dabb8f70f17557edf2413.jpg,640,640,1Dollar,80,375,531,534
1Dollar_48_JPG_jpg.rf.90ae6e7734aa05a3aefc3cd791f23d5e.jpg,640,640,1Dollar,33,15,629,614
1Dollar_72_jpg.rf.93b9c6def8f846c5501190eefe35eacf.jpg,640,640,1Dollar,31,2,591,592
50Dollar_91_jpg.rf.9161d990473de538f759c6d15f845a29.jpg,640,640,1Dollar,184,60,606,625
2Dollar_98_jpg.rf.93ad0314128cb83a8ec663b56afbc482.jpg,640,640,1Dollar,37,29,384,609
5Dollar_59_JPG_jpg.rf.8ef4ccb644e3f9ee4eafb340e0394f97.jpg,640,640,1Dollar,148,85,486,638
10Dollar_166_jpg.rf.9137f49a73e69366ce74a819f8026122.jpg,640,640,1Dollar,8,13,637,627
100Dollar_148_jpg.rf.9400905c33b74ca3fde74087ee6713f7.jpg,640,640,1Dollar,8,15,635,632
2Dollar_129_jpg.rf.9176a08d69731a76866fc009f68a02d0.jpg,640,640,1Dollar,13,41,625,293
100Dollar_240_jpg.rf.9205d5951d8e4209367ea052b997f06f.jpg,640,640,1Dollar,31,119,346,510
5Dollar_96_jpeg_jpg.rf.9419d370c14030b4d5fdd8907ab73089.jpg,640,640,1Dollar,1,6,300,626
5Dollar_99_jpg.rf.90a2fd33da8defb43a144ee8fcd25bde.jpg,640,640,1Dollar,34,18,622,633
50Dollar_126_jpg.rf.9773686960b05cd517b37f9ce37ca25e.jpg,640,640,1Dollar,33,142,594,498
10Dollar_4_jpg.rf.8f69a90c510551fb9b4c6a2ba7bf523d.jpg,640,640,1Dollar,111,21,541,638
50Dollar_92_jpg.rf.956e68586cece735e02426ca49ef28e9.jpg,640,640,1Dollar,10,25,201,616
50Dollar_52_jpg.rf.96f9f2ac04e10885493653c5aa652d8d.jpg,640,640,1Dollar,331,8,632,626
10Dollar_170_jpg.rf.98b5c166da25ed2d142a0af588a783c7.jpg,640,640,1Dollar,162,73,493,525
2Dollar_89_jpg.rf.979ae64875cecd4d5d811a7b064c829c.jpg,640,640,1Dollar,86,46,534,606
10Dollar_132_jpg.rf.97e152e4d1ddd83f35d045e2f429f53e.jpg,640,640,1Dollar,8,174,640,422
2Dollar_24_jpg.rf.98c9aac712d274062831709ddf53827b.jpg,640,640,1Dollar,98,330,529,613
100Dollar_98_jpg.rf.92f8879fe1ba3f5aeb96dca11225708e.jpg,640,640,1Dollar,15,7,622,636
50Dollar_132_jpg.rf.942e3cb92bd08f9733d62049c821895d.jpg,640,640,1Dollar,9,10,635,313
5Dollar_37_jpg.rf.97d97d78b1f0b53897a42616a1b9928a.jpg,640,640,1Dollar,48,25,596,264
10Dollar_187_jpg.rf.921fc8e299dda3d1c17bbe6e4d116f5b.jpg,640,640,1Dollar,124,27,470,569
1Dollar_196_jpg.rf.9646a2f30c91618357952bbb708ede20.jpg,640,640,1Dollar,106,5,333,635
1Dollar_157_jpg.rf.9b425513dc0b4b0f65a6330eb90e8f91.jpg,640,640,1Dollar,31,26,621,620
5Dollar_23_jpg.rf.95ac24ec4467c09a5c1905225d97c165.jpg,640,640,1Dollar,10,10,639,630
5Dollar_32_jpg.rf.9aaf8b0d786aef52cb82fad8e982650b.jpg,640,640,1Dollar,11,18,617,298
2Dollar_77_jpg.rf.991bbd78c1303cf1fe0b2711bc8c1dbf.jpg,640,640,1Dollar,14,21,619,606
10Dollar_124_jpg.rf.989740f4a083902cb8f5209b39d35980.jpg,640,640,1Dollar,10,106,624,475
100Dollar_208_jpg.rf.9ad7148614d91a7ef42e591dd54321a1.jpg,640,640,1Dollar,38,36,501,589
1Dollar_18_jpg.rf.9c5e2c54ea8dc9481151323ae861262f.jpg,640,640,1Dollar,18,9,622,609
10Dollar_0_jpg.rf.9dcd8b06c461706fa75d562c7ea428dd.jpg,640,640,1Dollar,105,258,532,449
50Dollar_69_jpg.rf.9d112b4ef22e22dc2a130c094ddd1505.jpg,640,640,1Dollar,90,6,624,632
1Dollar_117_jpg.rf.9866939ef478d5efd36baf9fb6eaa6e1.jpg,640,640,1Dollar,9,82,640,614
10Dollar_189_jpg.rf.9a2915653110aae07b98c1220dba3ae4.jpg,640,640,1Dollar,172,3,400,640
5Dollar_130_jpg.rf.9eeb89700ac034939b500cdf96ee9304.jpg,640,640,1Dollar,15,20,620,610
10Dollar_26_jpg.rf.9f7e18bf79f1bb63c8ddadf30bb76c5b.jpg,640,640,1Dollar,42,128,638,532
50Dollar_195_jpg.rf.9ea5493666a0057dc05d194bd76e834d.jpg,640,640,1Dollar,85,71,491,619
100Dollar_107_jpg.rf.9d53eec596256f420dd1c9647a8adcf6.jpg,640,640,1Dollar,2,0,635,629
50Dollar_103_jpg.rf.9f6ec8c447012123b362c359619a19fc.jpg,640,640,1Dollar,1,85,638,462
2Dollar_146_jpg.rf.998536baa372850f36e17abcc17f39d6.jpg,640,640,1Dollar,48,221,563,439
100Dollar_212_jpeg_jpg.rf.9f3c52cb73345f159b8c1ace325edb34.jpg,640,640,1Dollar,10,2,625,636
50Dollar_36_jpg.rf.9e19403998b8c06aec08447f2a55ce9b.jpg,640,640,1Dollar,5,20,628,614
1Dollar_137_jpg.rf.a1f87ebfa8a7709e4d274a64788be47b.jpg,640,640,1Dollar,27,44,622,573
100Dollar_249_jpg.rf.9dae7ec37193060e8839d1a8b93ff902.jpg,640,640,1Dollar,5,11,280,628
5Dollar_126_jpg.rf.9d649861e20762582a526cc61ef78c4c.jpg,640,640,1Dollar,12,45,628,313
100Dollar_156_jpg.rf.a105beee84dba3f7053766554a29e36d.jpg,640,640,1Dollar,18,330,614,632
5Dollar_128_jpg.rf.996de4e3cdc4d79a1abefde082e5e2de.jpg,640,640,1Dollar,7,40,609,630
2Dollar_114_jpg.rf.9f484487c6fba4a12602f710689a78a1.jpg,640,640,1Dollar,76,20,554,404
10Dollar_87_jpg.rf.a223ed1827191fb1647c9028bddeaed9.jpg,640,640,1Dollar,78,202,415,629
1Dollar_51_jpg.rf.a0c18e3b2f63a4b7d2477bbf7191336c.jpg,640,640,1Dollar,159,0,527,632
2Dollar_116_jpg.rf.9f04160d8e51ad32e0fe5d1dba5f6ae9.jpg,640,640,1Dollar,7,7,633,310
1Dollar_145_jpg.rf.a6fced24c989907891f74d24e4d9bda7.jpg,640,640,1Dollar,6,19,632,586
10Dollar_159_jpg.rf.9de3ec6a61ba5062ed24f8feef8ae4e5.jpg,640,640,1Dollar,41,143,591,462
10Dollar_153_jpg.rf.a700d3ecfd866a16f1dbb6bcd964e832.jpg,640,640,1Dollar,44,6,638,626
100Dollar_159_jpg.rf.a3ef11d0ec7acbf317171defb8059fc7.jpg,640,640,1Dollar,71,110,595,576
5Dollar_5_jpg.rf.a3ea6f39ef76fde4b51e0baaa4075175.jpg,640,640,1Dollar,102,174,560,446
10Dollar_82_jpg.rf.a15db57676d0ea4e16c8bac6a1f44a6f.jpg,640,640,1Dollar,243,132,385,492
1Dollar_39_jpg.rf.a2f3fe967668716c49da7d8221572484.jpg,640,640,1Dollar,35,178,617,530
2Dollar_176_jpg.rf.a29738a4e0f27a477d9340d15c1db369.jpg,640,640,1Dollar,315,6,628,629
10Dollar_42_jpg.rf.a273f8e1892dcd006a3775127f088baf.jpg,640,640,1Dollar,2,14,625,618
1Dollar_170_jpg.rf.a8234031623e6531f19083d50150c1c1.jpg,640,640,1Dollar,36,15,582,618
1Dollar_73_jpg.rf.a32dc8431e31467eeda2aff183171ef6.jpg,640,640,1Dollar,52,19,633,634
1Dollar_138_jpg.rf.a77c9e76e229fb8c5a4c97c5dfd861f7.jpg,640,640,1Dollar,18,23,640,606
100Dollar_176_jpg.rf.a52e308d18be5286f9eefd03eb4be32f.jpg,640,640,1Dollar,7,16,633,630
5Dollar_39_jpg.rf.a14cbbe2588881ff6037bc1f1be2956d.jpg,640,640,1Dollar,6,7,623,523
10Dollar_197_jpg.rf.a73b96815e58e63fc9bbea7374bf9f19.jpg,640,640,1Dollar,236,1,552,431
50Dollar_124_jpg.rf.a850b604d380a4728538f07ecfe84d33.jpg,640,640,1Dollar,8,17,631,599
2Dollar_133_jpg.rf.a71990f916c8f9d93086b6734fb34b63.jpg,640,640,1Dollar,3,32,626,624
10Dollar_94_jpg.rf.a62d39d849c924f9c4d2c66cb23db2e4.jpg,640,640,1Dollar,16,4,636,636
100Dollar_150_jpg.rf.a7464100c12326cd12b28f2fae7a6552.jpg,640,640,1Dollar,9,153,600,536
1Dollar_189_jpg.rf.a6d69c024f23817da67ef35d717a0b90.jpg,640,640,1Dollar,178,25,532,610
2Dollar_139_jpg.rf.a5431dbb77f1df3e60430d219610701b.jpg,640,640,1Dollar,39,86,595,527
50Dollar_6_jpg.rf.a76a5172586ebb06049ea1aaf07af792.jpg,640,640,1Dollar,6,20,633,535
2Dollar_34_jpeg_jpg.rf.aa0631b3ebc035ceb15cd3110d2d5e7e.jpg,640,640,1Dollar,7,323,629,626
50Dollar_141_jpg.rf.a980b4ffb250193e75f20b885208243c.jpg,640,640,1Dollar,19,176,584,613
10Dollar_108_jpg.rf.aa3e0b03468690ddfa714e54cd232cd8.jpg,640,640,1Dollar,165,13,389,638
10Dollar_47_jpg.rf.aaa33c38b836aba45c0838580f52ae1d.jpg,640,640,1Dollar,43,92,600,419
50Dollar_175_jpg.rf.aafbafe1874928dcb58cdd0cbc5e2cbd.jpg,640,640,1Dollar,301,69,556,553
5Dollar_49_jpg.rf.a855ccbd035089934b8442cb60f8097c.jpg,640,640,1Dollar,14,20,623,620
5Dollar_149_jpg.rf.a8a35bab1ba0c58a38f4525f6ded01c9.jpg,640,640,1Dollar,5,17,628,602
2Dollar_20_jpg.rf.aa9e14e100689e46426dd4eba992f4cd.jpg,640,640,1Dollar,6,3,629,302
5Dollar_107_jpg.rf.a9b21f1163a7f73f3ad5b882476fe0bf.jpg,640,640,1Dollar,32,191,588,508
2Dollar_159_jpg.rf.a9c564c1709e7931c9b96f42df13c2cb.jpg,640,640,1Dollar,61,0,554,633
1Dollar_151_jpg.rf.ab57fb85d8dee59332e7e2f06fa21969.jpg,640,640,1Dollar,120,15,479,611
50Dollar_34_jpg.rf.aa7aad6da772530a3512da69e3dbdbe2.jpg,640,640,1Dollar,74,284,475,614
50Dollar_37_jpg.rf.ac9ce3307c562dcc9ac4b4de5d90ec3f.jpg,640,640,1Dollar,7,27,635,518
1Dollar_52_jpg.rf.acc00bdaf1badf0d38618cade8a54a8c.jpg,640,640,1Dollar,347,46,600,589
1Dollar_37_jpg.rf.ad502a3584cb678b7b6dc50184724978.jpg,640,640,1Dollar,22,58,613,599
100Dollar_218_jpg.rf.ab6cf4507743b3dd0ac3d9af24cb70d7.jpg,640,640,1Dollar,339,11,587,623
10Dollar_32_jpg.rf.adca35d990b3d18627d44ddbd3eba864.jpg,640,640,1Dollar,4,261,477,584
50Dollar_8_jpg.rf.af76366025424a4ccb692b00b4ffdacf.jpg,640,640,1Dollar,4,152,633,508
10Dollar_64_jpg.rf.aaee98dcef57d75d12002f049f7390c8.jpg,640,640,1Dollar,27,18,585,600
10Dollar_31_jpg.rf.ab643b4aebdd154f5ba58d735f9dbbd3.jpg,640,640,1Dollar,11,277,635,486
1Dollar_175_jpg.rf.aa867647318d759e98997bf1e9405a25.jpg,640,640,1Dollar,11,18,597,624
5Dollar_60_JPG_jpg.rf.ac875726d955ae38ebbf9796b379a5fe.jpg,640,640,1Dollar,205,6,525,608
10Dollar_57_jpg.rf.afedd0d71e2d0ca3487b6b6a4a9dd468.jpg,640,640,1Dollar,89,13,534,608
50Dollar_2_jpg.rf.b1efa8e79eb6f62303be0ad31ba53c74.jpg,640,640,1Dollar,14,10,624,301
100Dollar_204_jpg.rf.b521eac3e3a9958f18487205945900fa.jpg,640,640,1Dollar,318,3,627,320
100Dollar_108_jpg.rf.b176d4535cbb7cb3f6c5ea39a05a565f.jpg,640,640,1Dollar,50,68,605,494
10Dollar_99_jpg.rf.aba70f9719e9d5fe8d30034aa27903b1.jpg,640,640,1Dollar,22,164,638,499
10Dollar_131_jpg.rf.b68b6d53d9704a361b1746f377d5df46.jpg,640,640,1Dollar,12,89,440,402
50Dollar_23_jpg.rf.b0f59280f5b97a66cda19799f42d83e8.jpg,640,640,1Dollar,16,337,628,631
50Dollar_109_jpg.rf.af17639102d2a99c5f61372078011c75.jpg,640,640,1Dollar,32,95,598,546
100Dollar_183_jpg.rf.b67309cca421e1e6480f331382997a24.jpg,640,640,1Dollar,10,325,556,536
5Dollar_177_jpg.rf.b39e9f7d1656cc153280e32c9f6e263e.jpg,640,640,1Dollar,18,5,319,611
100Dollar_89_jpg.rf.b1f139cd7f4be24ab1a1462a9dc2f9de.jpg,640,640,1Dollar,92,19,549,623
10Dollar_128_jpg.rf.b23a3f67f6bc389ea3eafe53ae19a82d.jpg,640,640,1Dollar,98,100,582,266
2Dollar_143_jpg.rf.abc5ae8479eaf5de26b65c6d92715c70.jpg,640,640,1Dollar,84,157,585,470
2Dollar_84_jpeg_jpg.rf.b50c8113ca8b1548c4fd7fecb5fb1894.jpg,640,640,1Dollar,326,8,638,634
100Dollar_168_jpg.rf.b269243d121a4703a4cebc909ecd87f3.jpg,640,640,1Dollar,5,329,624,593
2Dollar_127_jpg.rf.b21f0ed5a9af71be9ccc7978125484f2.jpg,640,640,1Dollar,37,21,621,619
10Dollar_12_jpg.rf.b31294f16055bff7444193cd1abf6277.jpg,640,640,1Dollar,84,36,427,592
1Dollar_56_jpg.rf.b6626ab712a13578f8d1c460ca2c1b59.jpg,640,640,1Dollar,76,4,568,405
100Dollar_121_jpg.rf.ba53c82b1e37a5518e11cedbbc5e17ae.jpg,640,640,1Dollar,114,34,540,300
1Dollar_186_jpg.rf.b4c3ccc56814c3723df547cc4e6683dd.jpg,640,640,1Dollar,59,19,593,622
5Dollar_151_jpg.rf.b7d5f0ed6cd3bcb2fc6f3e29d3c60702.jpg,640,640,1Dollar,139,51,453,604
5Dollar_178_jpg.rf.b8c4e4983d17aaedc1ab6e66ac051eee.jpg,640,640,1Dollar,12,10,596,606
5Dollar_104_jpg.rf.b218452c1e90f5687847e9920d066e06.jpg,640,640,1Dollar,29,175,583,527
1Dollar_69_jpg.rf.b69ab25fffd3b82ce520c9abc1c9d7c0.jpg,640,640,1Dollar,37,17,613,625
50Dollar_1_png_jpg.rf.b766e5dbcf5d65c86b878c0114d80ac5.jpg,640,640,1Dollar,3,58,632,542
10Dollar_33_jpg.rf.ba6702c05df77d527159102c68196dfc.jpg,640,640,1Dollar,1,54,575,498
5Dollar_123_jpg.rf.b5ec5d54e0c72883b3361547a1000975.jpg,640,640,1Dollar,11,22,637,612
5Dollar_142_jpg.rf.b7a34cc9a5382289086f6f3edadd06f3.jpg,640,640,1Dollar,2,89,621,602
2Dollar_60_jpg.rf.b97a7e3a688b44f67c31fff2095b54f4.jpg,640,640,1Dollar,204,84,458,484
1Dollar_85_jpg.rf.ba982b63fc99c5b7f1bdb0156c88909a.jpg,640,640,1Dollar,148,29,499,608
1Dollar_183_jpg.rf.b78744e9c714b43abd745d6f166e55e2.jpg,640,640,1Dollar,10,20,625,615
100Dollar_181_jpg.rf.b127a49c0538fc90149a504bc92b8bd3.jpg,640,640,1Dollar,4,348,633,639
5Dollar_179_jpg.rf.b9697ba43c1af4f8ab2094f866bc4c8f.jpg,640,640,1Dollar,14,11,627,622
2Dollar_22_jpg.rf.baeae075e62cba7e4386259dbd3fadf8.jpg,640,640,1Dollar,25,248,613,435
1Dollar_124_jpg.rf.b8b8e51c06205e3009dbc24d438f6c50.jpg,640,640,1Dollar,26,40,618,606
2Dollar_43_jpg.rf.b850579d1703a2fcf7fbab840276f103.jpg,640,640,1Dollar,68,175,555,478
50Dollar_4_jpg.rf.bb392309dbcd38e8ce1ae180c1097d43.jpg,640,640,1Dollar,18,33,628,618
10Dollar_14_jpg.rf.ba0caae2f6dbb35719fc6cd5321a29ce.jpg,640,640,1Dollar,125,13,527,637
10Dollar_45_jpg.rf.b87e56d7be3d8a99d5ca0080f14c4031.jpg,640,640,1Dollar,329,29,618,184
10Dollar_120_jpg.rf.ba9c58409413540b3a61fcc415ed8267.jpg,640,640,1Dollar,150,304,463,435
50Dollar_67_jpg.rf.b88f43240bc1deefe8e1c5d65b75fe21.jpg,640,640,1Dollar,22,20,606,629
1Dollar_140_jpg.rf.bacafb679b5599316ae48db5a6989e02.jpg,640,640,1Dollar,19,57,616,602
100Dollar_210_jpg.rf.b84a0d61a46aa2ac083a60314e81c5d4.jpg,640,640,1Dollar,10,22,282,606
1Dollar_24_jpg.rf.000cf32760fe360b89973c0bf19c50c4.jpg,640,640,1Dollar,3,4,632,633
10Dollar_58_jpg.rf.0000858f4094cf03df5a577a9b5f680a.jpg,640,640,1Dollar,13,9,627,639
100Dollar_136_jpg.rf.01ded224e9ce8fdf7771dc3ee508efd7.jpg,640,640,1Dollar,18,157,539,578
5Dollar_105_jpg.rf.0326323522ecd6296f38fd19e9e2d3af.jpg,640,640,1Dollar,96,201,529,449
1Dollar_78_jpg.rf.0049de1c717955bde76365833aa2c36c.jpg,640,640,1Dollar,15,16,610,626
100Dollar_86_jpg.rf.024b9186584b60971d50199d4a088f25.jpg,640,640,1Dollar,67,15,525,528
1Dollar_70_jpg.rf.02c275f7998b960bcf7f4ced7121d026.jpg,640,640,1Dollar,41,19,610,621
2Dollar_73_jpg.rf.057981b260f1b8f46e37762a28c0b27e.jpg,640,640,1Dollar,25,13,608,628
1Dollar_103_jpg.rf.0548caa5b3bb4b177f0b3c688ffb70fb.jpg,640,640,1Dollar,12,33,628,607
50Dollar_155_jpg.rf.044a582ad1a047bbe0ceeb8649998c54.jpg,640,640,1Dollar,15,5,620,630
1Dollar_76_jpg.rf.03cd395bc5957e5b94ae8228c840bd93.jpg,640,640,1Dollar,17,21,323,599
5Dollar_84_jpg.rf.04a0cc4a4d5dd432e4504c2f440644b1.jpg,640,640,1Dollar,36,17,608,618
50Dollar_162_jpg.rf.02ef08a4852235150f7e7726025b2946.jpg,640,640,1Dollar,171,105,582,545
50Dollar_145_jpg.rf.02edc5f3c95705c9e82fa08f3795e8eb.jpg,640,640,1Dollar,77,144,618,562
2Dollar_6_jpg.rf.01f7cdac01d3a967e742a006f81577cd.jpg,640,640,1Dollar,23,346,612,626
10Dollar_21_jpg.rf.06451781a5cecb9cb3a665d72bba830e.jpg,640,640,1Dollar,8,122,612,385
10Dollar_16_jpg.rf.03d8ac897c88fa581dadb55d82f88025.jpg,640,640,1Dollar,86,11,492,601
10Dollar_88_jpg.rf.0282c1343bacececb71efe60130567e7.jpg,640,640,1Dollar,17,32,630,549
50Dollar_84_jpg.rf.0554ba9023dfb8d1ee3bc787b35169be.jpg,640,640,1Dollar,357,75,626,468
50Dollar_122_jpg.rf.01d55827b55e1fe279b729786fdf6772.jpg,640,640,1Dollar,18,16,628,306
5Dollar_180_jpg.rf.031b91ed8ff44a420d47785682afe1bc.jpg,640,640,1Dollar,54,22,603,619
100Dollar_179_jpg.rf.06faf2b66dfc8365b8e1be6c2abe9fcf.jpg,640,640,1Dollar,5,321,629,481
5Dollar_188_jpg.rf.00670b8ab61650db0151b9ae949baf1c.jpg,640,640,1Dollar,12,12,307,632
50Dollar_179_jpg.rf.086f9e833b2547631ab7b279509363fa.jpg,640,640,1Dollar,203,35,481,589
10Dollar_110_jpg.rf.08e189dc990cfb53980e89b6d0993fad.jpg,640,640,1Dollar,4,113,628,483
5Dollar_25_jpg.rf.08a1fcf1eeb8ecee7c3bc150ae32c28e.jpg,640,640,1Dollar,7,13,630,296
1Dollar_110_jpg.rf.09a557468067d4d18a114992dad01f8e.jpg,640,640,1Dollar,85,30,549,399
2Dollar_157_jpg.rf.035e0be5a2f1801f6d048312ab452c59.jpg,640,640,1Dollar,5,12,624,614
50Dollar_163_jpg.rf.0847be7d9d1534e115d8c949dd887623.jpg,640,640,1Dollar,321,13,624,598
2Dollar_1_jpg.rf.084179699e019edbe30aebdb7346bcb5.jpg,640,640,1Dollar,5,13,635,632
1Dollar_135_jpg.rf.0a217b93b82e07e7e3f02ce515e47b0a.jpg,640,640,1Dollar,13,130,618,492
100Dollar_132_jpg.rf.087ed37269730a6d1c98689cdf8ba640.jpg,640,640,1Dollar,24,117,621,594
50Dollar_185_jpg.rf.09056716911625032659cb2c98415c4b.jpg,640,640,1Dollar,73,49,442,580
10Dollar_17_jpg.rf.0a572e46a1b6917bcb9ef311ee9d6900.jpg,640,640,1Dollar,56,14,487,638
2Dollar_32_jpg.rf.0c1d0b14efab348b290eb4053f7af40f.jpg,640,640,1Dollar,53,333,545,548
100Dollar_211_jpg.rf.08ef428d5c5c1cc01ab925c067c9ca65.jpg,640,640,1Dollar,8,11,268,628
2Dollar_44_jpg.rf.0a29ce953b1d0f37892edfa12838f06b.jpg,640,640,1Dollar,11,333,625,633
10Dollar_86_jpg.rf.0d55e1e36ab49926f060781e5df073b4.jpg,640,640,1Dollar,42,2,379,471
1Dollar_174_jpg.rf.0aa59e1938960a9ba772d862d386d709.jpg,640,640,1Dollar,7,10,603,625
50Dollar_81_jpg.rf.0c4205fb93054cf5389d43949e23f9eb.jpg,640,640,1Dollar,22,16,315,622
5Dollar_110_JPG_jpg.rf.093f5fea0cd9be6a5cd9d3b305f01e30.jpg,640,640,1Dollar,34,186,639,504
10Dollar_118_jpg.rf.11357e8b1a0b6253665bfd4d9ff962eb.jpg,640,640,1Dollar,31,164,573,489
50Dollar_96_jpg.rf.0e9c2992074268796b30802de9ee369c.jpg,640,640,1Dollar,99,15,569,621
2Dollar_196_jpg.rf.0e877a22c62a9a967d7bb5dd13909423.jpg,640,640,1Dollar,198,51,416,565
1Dollar_184_jpg.rf.0df0a19116f668f7571dd11ef87cc486.jpg,640,640,1Dollar,98,17,454,606
1Dollar_194_jpg.rf.106b9a6bfc9bb0b378caf585df80c6f0.jpg,640,640,1Dollar,34,23,602,617
50Dollar_39_jpg.rf.0d2ccda2a9a9cef0158b65249e0e5dca.jpg,640,640,1Dollar,1,10,633,543
2Dollar_122_jpg.rf.0d4e4f2250ea2c2bd224b3a82f6c50b6.jpg,640,640,1Dollar,31,207,617,399
100Dollar_144_jpg.rf.0b8df826843deb7d1a3222dc63f0cc92.jpg,640,640,1Dollar,21,28,617,281
100Dollar_220_jpg.rf.0bbdcd3a7c225ebe5ceed47b415c1e22.jpg,640,640,1Dollar,147,82,447,524
5Dollar_66_jpg.rf.1167ee51f21cc2623f4cf26cb9644bb5.jpg,640,640,1Dollar,33,1,364,467
100Dollar_66_jpg.rf.0d78299bcb04172eca9d424ca82b811c.jpg,640,640,1Dollar,92,6,632,637
1Dollar_102_jpg.rf.1513a75c3b6f9b87ecad025f2fdc7749.jpg,640,640,1Dollar,35,46,589,287
5Dollar_190_jpg.rf.0ef21064f0b76037a07c7d3d796e8e4f.jpg,640,640,1Dollar,129,2,543,639
2Dollar_145_jpg.rf.0a2203fde7c3941712b3dac39d8742b4.jpg,640,640,1Dollar,4,12,634,630
5Dollar_103_jpg.rf.1510c208e7894ceffd803863d486b1a2.jpg,640,640,1Dollar,190,236,565,468
50Dollar_51_png_jpg.rf.0deee3692a688afbdd8cb18db9d6c553.jpg,640,640,1Dollar,81,2,561,636
100Dollar_81_jpg.rf.0bcd6a5027ee4dcebc1ffc708da89763.jpg,640,640,1Dollar,50,12,327,633
2Dollar_38_jpg.rf.1521fecb6c2516919c5020aef9cf399c.jpg,640,640,1Dollar,17,43,619,603
2Dollar_113_jpg.rf.14a4f38a28f567e7cf2af0441dd3ce20.jpg,640,640,1Dollar,71,18,552,401
100Dollar_232_jpg.rf.0eb988416b68f4a3e2d7b6e53e05013c.jpg,640,640,1Dollar,83,13,599,625
50Dollar_21_jpg.rf.12117ff793d2ef9e2e088f08cfafc86c.jpg,640,640,1Dollar,18,339,629,614
50Dollar_90_jpg.rf.1697bddff5e9867b5e1f6913c7fe5f85.jpg,640,640,1Dollar,71,14,331,624
5Dollar_135_jpg.rf.15a0dcc4dbc378030e57acbd57f65fb7.jpg,640,640,1Dollar,29,45,619,601
1Dollar_36_jpg.rf.15a05c608e6f924748ab924c9b62fa02.jpg,640,640,1Dollar,47,61,633,576
5Dollar_176_jpg.rf.11ceaf6a4b98a0852871b56fd3427225.jpg,640,640,1Dollar,3,9,265,617
1Dollar_198_JPG_jpg.rf.15e3a17859c0fef208f1993c63325a0e.jpg,640,640,1Dollar,40,35,581,622
10Dollar_102_jpg.rf.11a09c4c87e97b11bb9f00f09a731df3.jpg,640,640,1Dollar,300,203,392,491
2Dollar_54_jpg.rf.170465e587a8fcc31ce6e4397d7bf283.jpg,640,640,1Dollar,83,19,443,632
1Dollar_100_jpeg_jpg.rf.1accb1cd2e56fe21c717b3fc57c6939d.jpg,640,640,1Dollar,77,7,553,612
50Dollar_77_jpeg_jpg.rf.15edd73d068fb8bddb1c3e1956157f80.jpg,640,640,1Dollar,211,97,467,539
5Dollar_31_jpg.rf.171ae32e52633ff574332b875ac92d83.jpg,640,640,1Dollar,25,17,623,287
10Dollar_65_jpg.rf.1b3bb13a02051ef725a33926fb7ff0cc.jpg,640,640,1Dollar,149,18,556,598
2Dollar_130_jpg.rf.1866e343e635d0bd97ba8e139b7730c6.jpg,640,640,1Dollar,27,187,608,487
1Dollar_61_jpg.rf.1963d893d87906b4ab47a12124d3df1f.jpg,640,640,1Dollar,340,94,538,566
50Dollar_152_jpg.rf.144ae84b90ace756240be14e1754e118.jpg,640,640,1Dollar,335,15,616,625
50Dollar_121_jpg.rf.1805df6d14dc9b1ae67cb1bdeae1b506.jpg,640,640,1Dollar,9,8,628,309
1Dollar_132_jpg.rf.18e887750af74b60072b94ca1c5f0430.jpg,640,640,1Dollar,20,360,621,618
50Dollar_148_jpg.rf.16a08c1294e91d0f02525846cb01c658.jpg,640,640,1Dollar,9,53,629,519
50Dollar_169_jpg.rf.18cd77daa7c6b5fac949908bd48637fe.jpg,640,640,1Dollar,22,0,207,218
50Dollar_129_jpg.rf.177b39f22f33f3170f90b210073294ec.jpg,640,640,1Dollar,20,147,593,466
50Dollar_41_jpg.rf.19aacc995ba910ba61ff6a88ecaa0848.jpg,640,640,1Dollar,82,32,623,471
50Dollar_150_jpg.rf.1861e7a4549782e0f97d0a5cc4b7785d.jpg,640,640,1Dollar,5,4,627,305
2Dollar_153_jpg.rf.1b6ce5ec4328411fbda6772fb6132b3c.jpg,640,640,1Dollar,50,57,279,625
100Dollar_192_jpg.rf.1afcd5bbdd060099a8833d5887979a4e.jpg,640,640,1Dollar,8,7,628,316
50Dollar_139_jpg.rf.1924335477d99d302a03e29a30687f70.jpg,640,640,1Dollar,3,93,631,615
1Dollar_133_jpg.rf.1daa6f248889f701f20a5584983be1f6.jpg,640,640,1Dollar,23,16,628,614
10Dollar_71_jpg.rf.192ef1a2a64a68b9375d82b37bbb8778.jpg,640,640,1Dollar,29,21,584,638
5Dollar_139_jpg.rf.1a24aa9efc22e4278a41d69c9ff0dfe1.jpg,640,640,1Dollar,5,88,631,626
10Dollar_173_jpg.rf.1cf46b515e58850166e81283e92d197e.jpg,640,640,1Dollar,144,0,632,383
10Dollar_40_jpg.rf.1cc4778d7a5be179efef1670ebe1c0a9.jpg,640,640,1Dollar,0,9,633,620
1Dollar_14_jpg.rf.1d453003ad1cc8afd1b2cb1b53bb71c3.jpg,640,640,1Dollar,17,37,623,613
10Dollar_41_jpg.rf.1db76b1babca04bddd88f2500aa23662.jpg,640,640,1Dollar,18,153,622,478
2Dollar_49_jpg.rf.1e4c5520727c22f854000c8b20519c27.jpg,640,640,1Dollar,6,7,628,314
5Dollar_43_jpg.rf.20230d7bab9e44334a631b133ead4c48.jpg,640,640,1Dollar,9,196,620,605
2Dollar_187_jpg.rf.1c1305236b4f52265d8c5d4fe54d5cbf.jpg,640,640,1Dollar,204,3,426,636
100Dollar_151_jpg.rf.1fbe0f7f5f65dd8555c1f59d63eb70a3.jpg,640,640,1Dollar,113,240,467,509
2Dollar_137_jpg.rf.1db156af29649e82d06d713771669707.jpg,640,640,1Dollar,5,210,634,427
10Dollar_144_jpg.rf.1d58458424d5f99f6c46c47252caeedc.jpg,640,640,1Dollar,78,120,638,568
50Dollar_153_jpg.rf.1b9868973002dc4b4b93a3f4fe7b3a98.jpg,640,640,1Dollar,170,3,566,636
100Dollar_115_jpg.rf.21b1761df9ebfb3fd6e789f4a6b50ef5.jpg,640,640,1Dollar,5,32,633,515
50Dollar_128_jpg.rf.20b55a497c9f2fa9a482f50661a49293.jpg,640,640,1Dollar,10,159,628,322
10Dollar_183_jpg.rf.20b60321b51a3325e5aaa10701e84c92.jpg,640,640,1Dollar,183,46,491,584
100Dollar_197_jpg.rf.202dc8b5c27dce3ae27ecf8e0658e4b1.jpg,640,640,1Dollar,22,376,613,624
5Dollar_62_JPG_jpg.rf.23f5ea109c8355023a089daff67ecfdb.jpg,640,640,1Dollar,162,56,541,632
5Dollar_12_JPG_jpg.rf.22be08d651ea84fd8be03494ca0830b1.jpg,640,640,1Dollar,61,120,638,472
10Dollar_129_jpg.rf.1ed56e8398d7c07b09022dd774d52373.jpg,640,640,1Dollar,7,120,634,408
50Dollar_50_jpg.rf.2272245f3533de470a11b1ca65431264.jpg,640,640,1Dollar,7,2,634,316
10Dollar_43_jpg.rf.21c8f015bae5ec842ac1fa9f63dbaab4.jpg,640,640,1Dollar,15,26,596,282
10Dollar_62_jpg.rf.243d5ec65e7c128efb157721146b00e6.jpg,640,640,1Dollar,117,20,520,618
1Dollar_160_jpg.rf.27b5bbda42b36fd8d59e72e1ddc3c5aa.jpg,640,640,1Dollar,250,80,604,537
5Dollar_33_jpg.rf.26c30537980e65412d9d84b00b441da3.jpg,640,640,1Dollar,40,95,594,521
50Dollar_72_jpg.rf.238e2b7bfa9c45f903f417fb5d6bd85f.jpg,640,640,1Dollar,22,12,312,623
10Dollar_196_jpg.rf.26120a3bb28abff9dfd3149e01e60ba4.jpg,640,640,1Dollar,230,123,601,636
5Dollar_163_JPG_jpg.rf.22688e6546760dccefab9194daf0b732.jpg,640,640,1Dollar,41,26,456,629
1Dollar_127_JPG_jpg.rf.1eda07488d39030b4d8e567ce3e9c147.jpg,640,640,1Dollar,2,53,639,611
50Dollar_54_jpg.rf.26995c22f410557254c6ab372d6e31e4.jpg,640,640,1Dollar,21,15,606,623
10Dollar_83_jpg.rf.25052547b03af9842e580801c5d64cec.jpg,640,640,1Dollar,171,18,408,624
1Dollar_66_jpg.rf.26630dad4c092a2d3ed03c3d3aad6ec0.jpg,640,640,1Dollar,26,49,470,603
2Dollar_169_jpg.rf.2906832464ad37445746fa40475a067d.jpg,640,640,1Dollar,26,16,597,621
2Dollar_11_jpg.rf.2552d86f846c10705d321fb6fb8eabf3.jpg,640,640,1Dollar,8,7,634,305
1Dollar_81_JPG_jpg.rf.24b4fc41231379db49d730c12215df89.jpg,640,640,1Dollar,26,9,630,632
100Dollar_126_jpg.rf.27916e567ad97ce9a3c8a239cd006190.jpg,640,640,1Dollar,5,8,636,627
1Dollar_88_jpg.rf.26315f4997ed00bd602ea8aead580fe0.jpg,640,640,1Dollar,35,20,594,613
2Dollar_58_jpg.rf.28ee921dcb0823198eb7ae387b66b33f.jpg,640,640,1Dollar,16,8,610,629
2Dollar_180_jpg.rf.26e31c479df55e7acec073f2696c19a7.jpg,640,640,1Dollar,95,24,490,608
1Dollar_107_jpg.rf.2850e9269a6b357f513f9894d653a2d4.jpg,640,640,1Dollar,11,34,625,597
100Dollar_139_jpg.rf.27bc92fca5523b8a9e0228a40970e14f.jpg,640,640,1Dollar,17,89,625,540
1Dollar_115_jpg.rf.269153793654d35278e08ff633f17f13.jpg,640,640,1Dollar,19,14,638,628
5Dollar_162_JPG_jpg.rf.291712e3d3255d1003fe83a2e6ef64e3.jpg,640,640,1Dollar,104,14,490,560
100Dollar_221_jpg.rf.bdf6972604b164dace332f69c2e0c7c6.jpg,640,640,1Dollar,35,96,299,518
50Dollar_119_jpg.rf.bd54f2cbd9c3a4d7bf55b7ca397b79f4.jpg,640,640,1Dollar,3,94,633,627
10Dollar_3_jpg.rf.bc3a84528eb0691b4c4ecaa119b140ee.jpg,640,640,1Dollar,129,14,534,588
100Dollar_178_jpg.rf.be82dcbfcd95032895ec6fe811da33d8.jpg,640,640,1Dollar,23,354,608,618
50Dollar_14_jpg.rf.bf27605428aaf5b1c4c91b7b744e69e4.jpg,640,640,1Dollar,4,150,632,506
100Dollar_58_jpg.rf.c10daf8da38c4c1b1d8149f5865c3b85.jpg,640,640,1Dollar,105,54,606,605
5Dollar_9_JPG_jpg.rf.bf3f4e688654d3e7a1f197e8a1a365b6.jpg,640,640,1Dollar,96,150,636,486
100Dollar_92_jpg.rf.c08808ddbf100e5233d690055546c068.jpg,640,640,1Dollar,320,1,634,632
2Dollar_70_jpg.rf.bc777600b8f49a1e1c5aa2070f5e0baa.jpg,640,640,1Dollar,344,6,634,629
100Dollar_165_jpg.rf.bd1c43a95c603a4aa4a608a815290b42.jpg,640,640,1Dollar,8,112,629,621
1Dollar_63_png_jpg.rf.bb3c0803f125afd0aa2b3cc8af862290.jpg,640,640,1Dollar,27,7,613,616
2Dollar_27_jpg.rf.bb5fb548c49e7578564f9ba081e1b23e.jpg,640,640,1Dollar,21,17,603,613
10Dollar_149_jpg.rf.c19f8a9afea9b23c62f1eb86cfdd6a09.jpg,640,640,1Dollar,1,167,602,546
100Dollar_52_jpg.rf.bffc9d79979706d9de11888a4d772f5f.jpg,640,640,1Dollar,10,6,296,622
1Dollar_10_jpg.rf.bf6fc345e88e43f2f46097854c97b384.jpg,640,640,1Dollar,94,240,559,595
5Dollar_175_jpg.rf.c24fe0335248aa9ccb4b7ff28af38e1e.jpg,640,640,1Dollar,15,13,297,616
1Dollar_92_jpg.rf.c1db7df87bfef163e9e9332f61018394.jpg,640,640,1Dollar,151,38,504,597
1Dollar_50_jpeg_jpg.rf.bf558dbd3d919b16edf6ba7cf1a9e9d3.jpg,640,640,1Dollar,7,88,627,541
5Dollar_165_JPG_jpg.rf.c26cdc9f2113375c5eee18953d2934b7.jpg,640,640,1Dollar,255,13,476,634
50Dollar_74_jpg.rf.c04de4b7cdd85de3d4f0b73aa777dfcf.jpg,640,640,1Dollar,11,11,614,625
2Dollar_88_jpg.rf.c37d0f27cdd1c3c6da52dccc677ddc4b.jpg,640,640,1Dollar,25,18,597,618
1Dollar_181_JPG_jpg.rf.c30c7c60b7784d1d34870447bac34983.jpg,640,640,1Dollar,22,25,595,618
2Dollar_92_jpg.rf.c343b5fb237484d8728ceb4e7b2d749f.jpg,640,640,1Dollar,309,5,635,636
5Dollar_15_JPG_jpg.rf.c3b9af8f899409e220298ade527c036d.jpg,640,640,1Dollar,15,264,622,451
10Dollar_103_jpg.rf.c31aea46d335a2511b21de34499c0ba8.jpg,640,640,1Dollar,139,13,513,638
5Dollar_191_JPG_jpg.rf.c7bfaf65ba935f68cd68b8948b7539cc.jpg,640,640,1Dollar,94,11,558,639
100Dollar_113_jpg.rf.c610cf3fae5453999570c5e9501fc09e.jpg,640,640,1Dollar,9,299,632,581
5Dollar_143_jpg.rf.c74d93a2e6a6e6749945f5fef58e7ad0.jpg,640,640,1Dollar,10,36,624,425
1Dollar_23_jpg.rf.c50095f19dd96c7a14fe6eaa2070fd36.jpg,640,640,1Dollar,10,6,634,624
50Dollar_154_jpg.rf.c902859d4673b5dfcb89f7d68d1ad18f.jpg,640,640,1Dollar,25,13,615,621
5Dollar_69_jpg.rf.c897c76efeb09e76990032c20d8f18ce.jpg,640,640,1Dollar,42,13,379,473
2Dollar_75_jpg.rf.ca93837862086f3b921a6ea70de819f5.jpg,640,640,1Dollar,76,25,353,620
10Dollar_68_jpg.rf.c496f4ee21f56d299e319d1d525de0b0.jpg,640,640,1Dollar,56,25,637,624
50Dollar_7_jpg.rf.c44bd72783987506453f458e97ba6f1a.jpg,640,640,1Dollar,7,7,626,306
2Dollar_190_jpg.rf.c8c21069051bd205ef6ce7aaa6d9c58c.jpg,640,640,1Dollar,76,53,288,575
100Dollar_129_jpg.rf.c4098f0ef54dc81c435b8f5607a45ef9.jpg,640,640,1Dollar,11,5,624,154
50Dollar_12_jpg.rf.cabe636b05796121609ea0e086da92a7.jpg,640,640,1Dollar,87,190,542,575
1Dollar_33_jpg.rf.c3b4abfa2b7070f1e878bed7d5e9cc23.jpg,640,640,1Dollar,19,16,627,635
100Dollar_166_jpg.rf.ca1bb0447e2e557cd4be538d2dbb34de.jpg,640,640,1Dollar,6,97,635,621
50Dollar_5_jpg.rf.c838d424ab19ce58347bd4c6c5401cfa.jpg,640,640,1Dollar,7,25,625,586
100Dollar_99_jpg.rf.c96b0a0f1e4e1c2b6ed0f2938dc38634.jpg,640,640,1Dollar,357,18,632,625
5Dollar_30_jpg.rf.cab8283f72282162272594a462cddd95.jpg,640,640,1Dollar,29,43,612,607
2Dollar_140_jpg.rf.c7ad94a3be8b9a614fcd25514e385cbc.jpg,640,640,1Dollar,51,352,573,568
50Dollar_149_jpg.rf.cabf00fa1a6fdff6ee54b72f74abf494.jpg,640,640,1Dollar,17,329,629,580
2Dollar_109_jpg.rf.c766587dead004ee2170b0451de53cbf.jpg,640,640,1Dollar,3,88,633,566
100Dollar_199_jpg.rf.c88bcba173c09a414c31919f1532e28d.jpg,640,640,1Dollar,5,57,631,335
10Dollar_139_jpg.rf.cdf354868e5b850789954b2b3b105024.jpg,640,640,1Dollar,21,153,621,487
50Dollar_47_jpg.rf.cce4851e1ed501dc6dab36b3e79ac412.jpg,640,640,1Dollar,21,77,624,531
50Dollar_79_jpg.rf.cacbd1b57b6984e4d8833577614d54c8.jpg,640,640,1Dollar,134,45,450,608
10Dollar_29_jpg.rf.d2119a6232e1ca94e8c91c7f63ed7c9b.jpg,640,640,1Dollar,4,253,624,466
5Dollar_72_jpg.rf.d18a8412ed361864162fbcb8d87b116f.jpg,640,640,1Dollar,110,81,512,640
50Dollar_170_jpg.rf.d1e54c152386d0fa4a67b50d0cffe651.jpg,640,640,1Dollar,9,6,611,626
1Dollar_49_jpg.rf.ce5479ffc2b6cbb5d32da3553022de6c.jpg,640,640,1Dollar,12,191,613,518
5Dollar_138_jpg.rf.d01a66904f1947650f68c14a89fab7c0.jpg,640,640,1Dollar,6,9,624,298
1Dollar_79_jpg.rf.d0c0dbb8d4d7ea56d9724cafa71c49d7.jpg,640,640,1Dollar,56,19,608,621
1Dollar_94_jpg.rf.cebf3c65cc1675dcd7f3b2de12a0f8d8.jpg,640,640,1Dollar,59,15,606,615
100Dollar_163_jpg.rf.d25b211c38dac67e4d2a19b12dd4706f.jpg,640,640,1Dollar,16,70,622,339
50Dollar_167_jpg.rf.cc1a3fc7d79d677464269af58e07262b.jpg,640,640,1Dollar,30,10,618,624
2Dollar_141_jpg.rf.cbd38377d025bc848b67bf8c237b8685.jpg,640,640,1Dollar,4,10,635,631
10Dollar_19_jpg.rf.ce5c2dba7a63ac54046b8da384106592.jpg,640,640,1Dollar,266,10,471,639
100Dollar_242_jpg.rf.d057a400b0018aa5a607032d512ee33c.jpg,640,640,1Dollar,2,6,316,632
100Dollar_149_jpg.rf.cdde600e8c72aad9f19a7b8fdd11e334.jpg,640,640,1Dollar,13,303,632,585
5Dollar_171_jpg.rf.d2544a41f5abfda428f228070ec3ead2.jpg,640,640,1Dollar,208,7,425,627
100Dollar_13_jpg.rf.d45b62790eedda47d94f988ed0ad96d2.jpg,640,640,1Dollar,108,36,550,630
1Dollar_1_jpg.rf.cd5940dc19705c2f5debcf7c39ba1de0.jpg,640,640,1Dollar,23,64,631,484
5Dollar_141_JPG_jpg.rf.cdb3f3c9a1f79af93f03fdaed5a21e6e.jpg,640,640,1Dollar,7,88,635,556
1Dollar_136_jpg.rf.cf1242ca3b6a20f5e1e578af1741fc5a.jpg,640,640,1Dollar,8,47,599,586
10Dollar_100_jpg.rf.c6918abcf1d0961a6712bc0dc7da759b.jpg,640,640,1Dollar,54,16,585,622
100Dollar_100_jpg.rf.d3c8521682aac4d006b9df7b131a9542.jpg,640,640,1Dollar,38,123,629,492
100Dollar_76_jpg.rf.d621a5d0ea5bf56e27af47c05b15645b.jpg,640,640,1Dollar,12,3,626,632
2Dollar_42_jpg.rf.d3bbed531238dd3761d40f28ececdbbf.jpg,640,640,1Dollar,10,333,632,633
10Dollar_161_jpg.rf.cd7740277415137591887486f31e81e6.jpg,640,640,1Dollar,20,86,631,609
50Dollar_44_jpg.rf.d39c7e1ccb5d2dbee2222d46b815c36d.jpg,640,640,1Dollar,34,236,584,627
50Dollar_100_jpg.rf.d52b2022852f314bc1e76859fed557a4.jpg,640,640,1Dollar,4,7,303,636
10Dollar_46_jpg.rf.d5391b283672407909e23161cc7734e6.jpg,640,640,1Dollar,18,60,608,616
1Dollar_179_jpg.rf.db0f7ad2b44cfcc7a5e2d7f0675b7d84.jpg,640,640,1Dollar,40,9,592,623
5Dollar_197_jpg.rf.d905591210aad5c41e85080ea650a4bd.jpg,640,640,1Dollar,8,9,625,634
50Dollar_193_JPG_jpg.rf.d46a7e431012dd3a54cfc9e4e599c7af.jpg,640,640,1Dollar,11,6,613,633
50Dollar_196_jpg.rf.d4ab182004ebe9e3ed2f1a185e53c48b.jpg,640,640,1Dollar,71,13,555,624
2Dollar_119_jpg.rf.d7f8250b230b50ee19aeeb6689656f59.jpg,640,640,1Dollar,19,42,625,600
100Dollar_173_jpg.rf.d7a412e373f675ee6c5659fa7f7eff35.jpg,640,640,1Dollar,6,327,635,635
5Dollar_29_jpg.rf.d2f6d98c4ec1ecab8b04a3688ae3c9bb.jpg,640,640,1Dollar,10,6,637,627
1Dollar_34_jpg.rf.d5838e90bb1f0fead7dbd7caf35d3ed2.jpg,640,640,1Dollar,49,129,605,439
5Dollar_150_jpg.rf.d641cf9d1befce7dec9d7be11b4b0fe7.jpg,640,640,1Dollar,10,14,624,628
10Dollar_121_jpg.rf.daa888ec087c74563a36dbf25d99481c.jpg,640,640,1Dollar,7,170,575,510
50Dollar_123_jpg.rf.d54d908fc18649d619c7902a535b0e7f.jpg,640,640,1Dollar,8,11,632,303
1Dollar_22_jpg.rf.db1154136b1d076a9adca592183a3d94.jpg,640,640,1Dollar,5,65,611,588
100Dollar_193_jpg.rf.d5cab7a90831ee5e64242b8da634ada9.jpg,640,640,1Dollar,0,9,631,631
2Dollar_156_jpg.rf.d76d1b808513e3571bf3ab96a13353f9.jpg,640,640,1Dollar,15,16,303,620
1Dollar_83_jpg.rf.d861f15b12b6b8a65c44bafbac0fb9b5.jpg,640,640,1Dollar,10,15,611,620
50Dollar_192_jpg.rf.d5a738a1a528b42610ef6aa7a8a68834.jpg,640,640,1Dollar,436,21,625,613
10Dollar_28_jpg.rf.dcb4b6d3cf9acc3d7f8ab8e2274926e2.jpg,640,640,1Dollar,149,276,495,379
100Dollar_247_jpg.rf.de0475e61805cbf119bb3ddad328b92a.jpg,640,640,1Dollar,5,22,260,610
10Dollar_126_jpg.rf.d6b9fdf705b1e002ca14113a612298d9.jpg,640,640,1Dollar,173,248,511,377
10Dollar_59_jpg.rf.decef76bcbd49cbcd55ce3ee19aab7ff.jpg,640,640,1Dollar,42,72,503,639
50Dollar_151_png_jpg.rf.dc694783e8c5403872001de76bf98514.jpg,640,640,1Dollar,67,8,540,636
5Dollar_35_jpg.rf.dc9b9b5c970eb19cf1a5d43afb0a95ca.jpg,640,640,1Dollar,36,43,616,603
100Dollar_102_jpg.rf.e1383fcb25b732391bfb7e2b6198c8bf.jpg,640,640,1Dollar,5,6,634,314
1Dollar_19_jpg.rf.d6ababd65936a4a3ca11b511fc48ff33.jpg,640,640,1Dollar,17,39,619,596
2Dollar_162_jpg.rf.e4c837a79c0b5b86d875240ceca201cb.jpg,640,640,1Dollar,3,7,309,628
2Dollar_72_jpg.rf.dfaaa0144de551e6e13a49ec7ebfc92e.jpg,640,640,1Dollar,204,20,408,612
5Dollar_115_JPG_jpg.rf.e2396bd9ffcb05add1cd945e20660aaa.jpg,640,640,1Dollar,4,184,639,380
2Dollar_118_jpg.rf.df8f565707808481247c4b9cf480e89f.jpg,640,640,1Dollar,31,46,516,371
50Dollar_26_jpg.rf.e341d1e930fcd4cedd05f3635dfd33c9.jpg,640,640,1Dollar,47,140,606,493
5Dollar_88_jpg.rf.dcc292944fb6de6d788bcbe191428712.jpg,640,640,1Dollar,3,10,317,632
100Dollar_172_jpg.rf.e06ce30fa81fc2f8ae5b0e4d43d1c0bd.jpg,640,640,1Dollar,22,79,616,575
10Dollar_48_jpg.rf.e55a77cdb117db288793e9e77ba886d3.jpg,640,640,1Dollar,187,241,493,343
50Dollar_29_jpg.rf.db7c816f069d75f942676625e8599209.jpg,640,640,1Dollar,60,180,610,506
10Dollar_93_jpg.rf.ded59c67f866db46ea1c94a34b688cc7.jpg,640,640,1Dollar,94,8,525,639
5Dollar_63_JPG_jpg.rf.e10527254e097d2768a86bdad52ef3dd.jpg,640,640,1Dollar,184,4,606,624
2Dollar_87_jpg.rf.dd2c23ab30ed673aa792522967785833.jpg,640,640,1Dollar,211,2,432,637
2Dollar_57_jpg.rf.e5795ab4f20e87383014fb3442bcd4aa.jpg,640,640,1Dollar,58,37,635,632
2Dollar_182_jpg.rf.e128e38387fb98cc54ba092c7c7098e8.jpg,640,640,1Dollar,342,96,545,588
50Dollar_22_jpg.rf.de34337ad45e220a632c1f3b1bdbb379.jpg,640,640,1Dollar,16,331,615,616
50Dollar_48_jpg.rf.df874583d42c5b7f83186fe32d0feea2.jpg,640,640,1Dollar,16,120,636,591
100Dollar_237_jpg.rf.e48971cc95f82ab9726b4221c20dd21d.jpg,640,640,1Dollar,146,46,417,534
5Dollar_155_jpg.rf.e4c16f15867bf36986c9ea171c85e41a.jpg,640,640,1Dollar,172,91,435,536
10Dollar_101_jpg.rf.e7001305d692c68969103b6307dbb628.jpg,640,640,1Dollar,195,28,545,598
1Dollar_47_jpg.rf.e68206b600535aa26e109c95f1cbc3a3.jpg,640,640,1Dollar,4,38,623,593
10Dollar_106_jpg.rf.e6205a45c3a4fa87e51747a9c6b74eaf.jpg,640,640,1Dollar,152,1,595,631
10Dollar_79_jpg.rf.e6803843e2eb56b523ad1e1f3f034ad7.jpg,640,640,1Dollar,251,8,462,639
1Dollar_29_jpg.rf.e88943b4d14b6256ec12d3af59df3d2a.jpg,640,640,1Dollar,1,23,618,611
2Dollar_39_jpg.rf.e69e4043f68f006510f7a3580f3b0de6.jpg,640,640,1Dollar,46,115,593,552
2Dollar_200_jpg.rf.e88d4f5a4c7c49aa98ef2309a8937990.jpg,640,640,1Dollar,11,15,618,628
50Dollar_200_jpg.rf.e94b40d64ee5e9a372a3ede79456dce1.jpg,640,640,1Dollar,3,6,317,632
5Dollar_81_jpg.rf.e5c76f6b6b48e42de77101f7beaaccc6.jpg,640,640,1Dollar,23,22,321,623
10Dollar_92_jpg.rf.e8d97b6fd74107526d22ee9cad77d9f9.jpg,640,640,1Dollar,99,58,508,637
100Dollar_248_jpg.rf.e80572d53959be8c215a20ad7df17cc3.jpg,640,640,1Dollar,14,6,625,628
50Dollar_198_jpg.rf.e678a476d06d90c9a88d6987196a5269.jpg,640,640,1Dollar,122,22,582,634
1Dollar_44_jpg.rf.e693bb88a7f50c41c95d74a533f8322b.jpg,640,640,1Dollar,20,19,616,605
50Dollar_105_jpg.rf.e65dbe5f5b24cd86f560086430a01d7e.jpg,640,640,1Dollar,3,4,631,610
2Dollar_15_jpg.rf.e9c5fb1fb25208e84363a2bffc3b486b.jpg,640,640,1Dollar,54,312,596,541
50Dollar_97_jpg.rf.deb6838f2f276b85f9f72e6af0e81bc4.jpg,640,640,1Dollar,99,12,561,625
1Dollar_68_jpg.rf.e8815d0ceb8cb888c52748cfb6f8b28f.jpg,640,640,1Dollar,29,11,593,616
100Dollar_71_jpg.rf.e8e9fefee100b2ae3c7f1d6b16b0b717.jpg,640,640,1Dollar,336,112,595,543
5Dollar_14_JPG_jpg.rf.e6b625fc69cb99da55697df6ff84aa43.jpg,640,640,1Dollar,20,233,606,441
2Dollar_160_jpg.rf.e8d9b5c57e3e45d20fd602d3b0dee2f7.jpg,640,640,1Dollar,178,163,436,565
1Dollar_64_jpg.rf.ea54b228a5736f9fe4de6aec85cfcb06.jpg,640,640,1Dollar,17,5,609,609
2Dollar_29_jpg.rf.eb7391afdf54673bb5ac6d81c8ac0e01.jpg,640,640,1Dollar,10,345,625,594
10Dollar_168_jpg.rf.eaae9df6911395ce3aa691b30b8630d6.jpg,640,640,1Dollar,15,7,638,620
10Dollar_193_jpg.rf.e8d31d16d30ac122ac53c44b8882efbe.jpg,640,640,1Dollar,254,6,460,640
1Dollar_199_jpg.rf.eb35ebf3019ccf5ab03d2a7e9a97a1de.jpg,640,640,1Dollar,202,40,522,629
100Dollar_217_jpg.rf.eb2f8fb433a69883a3004718d7c196f2.jpg,640,640,1Dollar,21,28,304,614
10Dollar_7_jpg.rf.ecfe051ff62de8e1eca76fb43b4009cf.jpg,640,640,1Dollar,43,20,577,620
2Dollar_93_jpg.rf.eb8e333e0f59b05b6863f6444286d007.jpg,640,640,1Dollar,159,48,474,544
1Dollar_28_jpg.rf.edf43c203421d708cf0307cc5cf902cc.jpg,640,640,1Dollar,29,57,624,598
50Dollar_71_jpg.rf.eb77a8fae8647156689b291246424dce.jpg,640,640,1Dollar,15,20,303,622
5Dollar_144_jpg.rf.ec6e3937c283ca3eaf8080babb2be45c.jpg,640,640,1Dollar,2,96,519,556
1Dollar_116_jpg.rf.ec7316e0bdc4dc976fa9aaf0e03956bb.jpg,640,640,1Dollar,22,34,598,467
2Dollar_132_jpg.rf.ee92ee619c6824b49b20b5e084d364fd.jpg,640,640,1Dollar,93,88,589,301
100Dollar_105_jpg.rf.f0c12304815b114eb616da5235162136.jpg,640,640,1Dollar,15,39,616,590
50Dollar_53_jpg.rf.ed7fd2ea7042a55e27b370b6a72f3cea.jpg,640,640,1Dollar,80,3,469,638
50Dollar_106_jpg.rf.ed9c4cd330348b8b7c48a26ebdf8c3aa.jpg,640,640,1Dollar,5,105,629,615
5Dollar_186_jpg.rf.ee41f11ac6237407e2e91fbd1d54101a.jpg,640,640,1Dollar,10,10,592,621
2Dollar_37_jpg.rf.ed3ebb84a71494c6f5224f77b25cc315.jpg,640,640,1Dollar,3,204,633,423
100Dollar_243_jpg.rf.ed704915d1130f49fe78a90b6b2505e9.jpg,640,640,1Dollar,14,14,618,626
5Dollar_79_jpg.rf.f1fb84831cefaaa772217ace496bafd6.jpg,640,640,1Dollar,24,13,619,638
5Dollar_129_jpg.rf.f059efcadc9bc2f561428bc3b3565c84.jpg,640,640,1Dollar,1,2,633,635
5Dollar_40_jpg.rf.f17420224eb4f0c81c0ea92687ccc89f.jpg,640,640,1Dollar,7,121,639,533
1Dollar_58_jpg.rf.efcd357f09fe6fcbc5fe0d4c49dc14cc.jpg,640,640,1Dollar,31,36,309,585
5Dollar_195_jpg.rf.f298f4d211185840c2457e58c0e3a914.jpg,640,640,1Dollar,39,2,443,502
1Dollar_114_jpg.rf.f2322b2b24f1e782b66c84da444ee0b6.jpg,640,640,1Dollar,5,26,633,620
2Dollar_107_jpg.rf.f32a3466fbaa93a2c974e582c8eb27b4.jpg,640,640,1Dollar,9,90,599,615
100Dollar_190_jpg.rf.f2e6e0c9f77d9ebc79b37e53e8a8760d.jpg,640,640,1Dollar,126,297,500,606
2Dollar_197_jpg.rf.eeaa99acd3eb58ae00544c1bb0a58acc.jpg,640,640,1Dollar,9,8,620,632
5Dollar_89_jpg.rf.f1365a5fccae847fa929d87d94f938e5.jpg,640,640,1Dollar,118,5,620,618
2Dollar_14_jpg.rf.ec4c0a7f9e33dbe2f78b8e77585c7c09.jpg,640,640,1Dollar,83,227,567,621
10Dollar_112_jpg.rf.f5139df7ee1816f8493ca2b9efd82450.jpg,640,640,1Dollar,0,63,592,621
5Dollar_114_JPG_jpg.rf.e13d751d3ecef1f5f51d7cdadd643202.jpg,640,640,1Dollar,13,195,604,396
1Dollar_200_jpeg_jpg.rf.f2b41178a938326cd4480d4a21f296af.jpg,640,640,1Dollar,98,16,541,608
10Dollar_98_jpg.rf.e54de22158cdda093c12f33f94bec7bf.jpg,640,640,1Dollar,415,317,619,630
1Dollar_161_jpg.rf.f28833990898838bb8f0c7ebcbfaf89a.jpg,640,640,1Dollar,114,75,301,537
2Dollar_74_jpg.rf.f3fb7c4b0a1b48c2366d0f4a7414048c.jpg,640,640,1Dollar,326,93,628,533
10Dollar_60_jpg.rf.f5311f36d6b449e4360698721ef3a4fb.jpg,640,640,1Dollar,107,108,468,540
10Dollar_148_jpg.rf.f4f0fecd3d3c51d7fd4d5330d1e9cca4.jpg,640,640,1Dollar,32,246,620,455
100Dollar_78_jpg.rf.eb25b078100e35e45b786f865672d972.jpg,640,640,1Dollar,360,30,623,616
2Dollar_152_jpg.rf.f5ed999cab636d025e4721789db8b89d.jpg,640,640,1Dollar,66,37,466,599
100Dollar_174_jpg.rf.f709327a2d5b3fe1f8246548beae169e.jpg,640,640,1Dollar,16,21,622,598
10Dollar_38_jpg.rf.f5413828f0cb830a5bb94267a2eb2b94.jpg,640,640,1Dollar,38,117,638,506
5Dollar_22_jpg.rf.f6da53f92a985c821b11c3803083609f.jpg,640,640,1Dollar,96,144,638,544
5Dollar_194_jpg.rf.e7c588ecd508060f97497773c2f2a06e.jpg,640,640,1Dollar,156,9,538,502
100Dollar_205_jpg.rf.f392a5cd9f3781effd4d2cc0e6479a8e.jpg,640,640,1Dollar,19,13,599,624
50Dollar_120_jpg.rf.f4a0b26176d314d27b12a625fbdc81f6.jpg,640,640,1Dollar,4,15,633,619
50Dollar_168_jpg.rf.f98f0df7f4a6439109fbd0a66739b3e4.jpg,640,640,1Dollar,43,15,295,618
1Dollar_3_jpg.rf.f44709d9fc2d0ff628cf540854ab7d94.jpg,640,640,1Dollar,19,23,633,609
50Dollar_88_jpg.rf.f6a5e8bccb0f88284bd7adb06a150adb.jpg,640,640,1Dollar,57,23,605,629
100Dollar_219_jpg.rf.fa4e66e6b69c938a776da217a2ac6089.jpg,640,640,1Dollar,50,35,593,628
100Dollar_246_jpg.rf.f705e76c5af4c6d7ca7546b14b76c707.jpg,640,640,1Dollar,299,8,584,624
100Dollar_185_jpg.rf.f82e22cde220909897e70da226fd9a6d.jpg,640,640,1Dollar,9,346,635,634
50Dollar_19_jpg.rf.f53c8a7e511fd9333203ed8551ccb4e6.jpg,640,640,1Dollar,4,9,637,538
5Dollar_87_jpg.rf.f69eaf7020c8cf0484f70c272b5894ff.jpg,640,640,1Dollar,88,42,314,584
1Dollar_177_JPG_jpg.rf.f93aad41d60f2150266fbf283e50d327.jpg,640,640,1Dollar,56,17,607,639
1Dollar_80_jpg.rf.fb7bf93ca55be9bdf82099a2a13e3508.jpg,640,640,1Dollar,127,50,518,559
100Dollar_97_jpg.rf.f7a77faf5a1fc61696db998deaec8e51.jpg,640,640,1Dollar,377,18,623,615
100Dollar_194_jpg.rf.fb693ca422568aba72307cc1c42c77ab.jpg,640,640,1Dollar,22,355,619,608
1Dollar_162_jpg.rf.fa70e928825fe2ee794f8edb276e3c02.jpg,640,640,1Dollar,198,69,568,553
50Dollar_182_jpg.rf.f93e996bead9d8fa7262f0ccc401c7e3.jpg,640,640,1Dollar,4,7,318,634
2Dollar_191_jpg.rf.f9bc3daeb341f1a972b0c1ff380e8583.jpg,640,640,1Dollar,14,5,627,635
2Dollar_85_jpg.rf.fb5ac22b75d03a57ad0e20eab890a0cc.jpg,640,640,1Dollar,17,5,624,633
100Dollar_222_jpg.rf.feb6638ffdcd0637affa82eea823adcc.jpg,640,640,1Dollar,60,21,565,616
1Dollar_190_jpg.rf.fd0abbd625a2c0b6a0b0ae05f855a278.jpg,640,640,1Dollar,34,3,616,629
50Dollar_174_jpg.rf.fc9b7ab5e4dad3c350e8334f3c343e82.jpg,640,640,1Dollar,16,8,615,629
2Dollar_138_jpg.rf.fdf626d410fc428bad833f5b6b2573a8.jpg,640,640,1Dollar,22,42,616,575
10Dollar_104_jpg.rf.fecfe5797836596449331a51310aae44.jpg,640,640,1Dollar,252,12,464,614
1Dollar_128_jpg.rf.fc2bffef3d8ffc9fe4310327cff89352.jpg,640,640,1Dollar,15,7,621,597
2Dollar_79_jpg.rf.fd01186336c35632e11252717a008b1f.jpg,640,640,1Dollar,34,13,299,622
50Dollar_136_jpg.rf.fd6340803426752fc53d52fa03de9ea3.jpg,640,640,1Dollar,9,24,632,627
50Dollar_101_png_jpg.rf.fd9d268a890afafa2bc40a88c860a7b4.jpg,640,640,1Dollar,4,87,639,572
50Dollar_181_jpg.rf.fb9fbbde10a6ef4aa0e1221d4c8e0d63.jpg,640,640,1Dollar,322,15,611,625
10Dollar_130_jpg.rf.fe42910a579e92a1a5ba3452cd953bf3.jpg,640,640,1Dollar,161,59,638,376