filename,width,height,class,xmin,ymin,xmax,ymax
Image_248_jpg.rf.9057074443de49d489f3c7a446fa9e26.jpg,416,416,Banknotes,0,0,416,416
Image_200_jpg.rf.90ba35d9e4e49e8172d88205ce76a720.jpg,416,416,Banknotes,22,4,412,199
Image_200_jpg.rf.90ba35d9e4e49e8172d88205ce76a720.jpg,416,416,Banknotes,13,183,405,381
Image_88_jpg.rf.91d878b43c7e881967b95a6be625ff13.jpg,416,416,Banknotes,60,158,298,311
Image_96_jpg.rf.93a3276b8f38b8cdd916f2d051422b10.jpg,416,416,Banknotes,0,0,416,416
Image_27_JPG_jpg.rf.94afd6283c1f2d5d151fe30b80f27fb3.jpg,416,416,Banknotes,0,0,416,416
Image_100_jpg.rf.9429dd06f81f49954e048cc76f9cd9fe.jpg,416,416,Banknotes,0,0,416,416
Image_222_jpg.rf.9e7c346c0505e12c02a8e437694b929d.jpg,416,416,Banknotes,45,25,370,276
Image_174_jpg.rf.9454df5979e49ff6876a41929dbb01b0.jpg,416,416,Banknotes,0,0,416,416
IMG_1106_jpg.rf.9e7ba384e91960061137fcf545dcd0d7.jpg,416,416,Banknotes,22,1,198,203
IMG_1106_jpg.rf.9e7ba384e91960061137fcf545dcd0d7.jpg,416,416,Banknotes,193,0,369,196
IMG_1106_jpg.rf.9e7ba384e91960061137fcf545dcd0d7.jpg,416,416,Banknotes,40,206,221,406
IMG_1106_jpg.rf.9e7ba384e91960061137fcf545dcd0d7.jpg,416,416,Banknotes,215,203,398,407
Image_116_jpg.rf.928e2161acf152f78cb855852812a87b.jpg,416,416,Banknotes,0,0,416,416
Image_290_jpg.rf.9e74e6d2f8c1d813940cbe40931492ff.jpg,416,416,Banknotes,0,14,416,404
Image_73_jpg.rf.9fd3302e5ad811c3ea0f820541d47763.jpg,416,416,Banknotes,0,0,416,416

IMG_1099_jpg.rf.9d981475c5a3fceb69cf12b5c2366cd8.jpg,416,416,Banknotes,64,0,255,404
Image_96_jpg.rf.a01ea412e68c213818da2aecbe466c6b.jpg,416,416,Banknotes,0,0,416,416
Image_185_jpg.rf.a1e459d7e58b0b432b2889966598f44b.jpg,416,416,Banknotes,6,4,399,204
Image_185_jpg.rf.a1e459d7e58b0b432b2889966598f44b.jpg,416,416,Banknotes,25,186,416,380
Image_37_jpg.rf.9f4a1f872bf9c10fb8aa23ca0e1231bc.jpg,416,416,Banknotes,8,93,414,317
Image_35_jpg.rf.9b872043aba8fccb807482b02603eb37.jpg,416,416,Banknotes,12,65,407,351
IMG_1103_jpg.rf.a50be3c0a3b377d66d7171b64ae85923.jpg,416,416,Banknotes,48,4,239,416
Image_258_jpg.rf.a3ba004e5535ef40094603bd895198c7.jpg,416,416,Banknotes,0,3,414,206
Image_258_jpg.rf.a3ba004e5535ef40094603bd895198c7.jpg,416,416,Banknotes,0,208,415,413
Image_244_jpg.rf.a141f531a178b577bd275172f3209b6e.jpg,416,416,Banknotes,0,0,416,416
Image_24_jpg.rf.a124dcdc0345cf35e3dfaa357861bc0c.jpg,416,416,Banknotes,2,2,416,210
Image_24_jpg.rf.a124dcdc0345cf35e3dfaa357861bc0c.jpg,416,416,Banknotes,0,208,415,416
Image_118_jpg.rf.a5cccc22a14179b0bc0b9254d80a188c.jpg,416,416,Banknotes,0,90,416,331
Image_62_jpg.rf.969a4b8a57ece41532899c482db564b3.jpg,416,416,Banknotes,0,55,410,365
Image_201_jpg.rf.9643fbc39f5f130fdf96d1d36a46c99b.jpg,416,416,Banknotes,0,0,416,416
Image_138_jpg.rf.99aa28e21be10b4d5cfed98d51f70e00.jpg,416,416,Banknotes,37,68,398,349
Image_16_jpg.rf.a534d2f7f205cc8029994026ec188a8b.jpg,416,416,Banknotes,0,0,416,416
Image_85_jpg.rf.a2a274b00b10d01f2fea817bfa3874c9.jpg,416,416,Banknotes,0,0,416,416
Image_110_JPG_jpg.rf.ac196196a114af665922567c942df206.jpg,416,416,Banknotes,0,0,416,416
Image_16_jpg.rf.aabaf677532ee3c78dfc947aa8517ae1.jpg,416,416,Banknotes,0,0,416,416
Image_97_jpg.rf.a568447c196fb5048c15cf28a30742ce.jpg,416,416,Banknotes,26,51,396,321
Image_116_jpg.rf.abedffe4ce57e3afdfb897b5de2a77a5.jpg,416,416,Banknotes,0,0,416,416
Image_269_jpg.rf.a35cda03975184e3bf99a2d8134176b7.jpg,416,416,Banknotes,0,0,416,416
Image_269_jpg.rf.a3f566b249d0ea04bc83f237ddbae7d4.jpg,416,416,Banknotes,0,0,416,413
Image_58_jpg.rf.a67f82a6aa30c4a9f5c0d396c75d9264.jpg,416,416,Banknotes,13,5,400,390
Image_7_jpg.rf.9d5c16bb49d59d5472e88d88e349122d.jpg,416,416,Banknotes,0,0,416,416
Image_227_jpg.rf.ae30ce654dd08094a83a68bf1f944fd9.jpg,416,416,Banknotes,0,100,413,323
Image_160_jpg.rf.9d461db024533a57bce86c17fa95d6c9.jpg,416,416,Banknotes,0,0,416,228
Image_160_jpg.rf.9d461db024533a57bce86c17fa95d6c9.jpg,416,416,Banknotes,12,174,416,416
Image_11_JPG_jpg.rf.a5dc1cb96719bffc611b2497d3a52c06.jpg,416,416,Banknotes,0,0,416,416
IMG_1096_jpg.rf.b3ba2f366273f3099147919a6e4fd98d.jpg,416,416,Banknotes,15,131,357,336
Image_297_png_jpg.rf.ac2caf36493df30c22bf12ef4473bd4f.jpg,416,416,Banknotes,49,62,416,346
Image_11_JPG_jpg.rf.a80fa97bfae52e429b25df91dea93684.jpg,416,416,Banknotes,0,0,416,416
Image_7_jpg.rf.acf2023c4ad53bd25d7006f8754bf6ec.jpg,416,416,Banknotes,0,0,416,415
IMG_1106_jpg.rf.a742cad11017d91a8d8e8e7319d80b2b.jpg,416,416,Banknotes,218,6,398,209
IMG_1106_jpg.rf.a742cad11017d91a8d8e8e7319d80b2b.jpg,416,416,Banknotes,41,2,220,201
IMG_1106_jpg.rf.a742cad11017d91a8d8e8e7319d80b2b.jpg,416,416,Banknotes,204,211,387,415
IMG_1106_jpg.rf.a742cad11017d91a8d8e8e7319d80b2b.jpg,416,416,Banknotes,17,203,207,413
Image_80_jpg.rf.b2aeb013b015298cf362f9e37cfded27.jpg,416,416,Banknotes,0,17,416,412
Image_70_jpg.rf.b3c7676c38a2a8f87d709c6f80c302a9.jpg,416,416,Banknotes,7,70,389,390
Image_58_jpg.rf.b43cc42f132ba1656b5b0e63eac2e274.jpg,416,416,Banknotes,0,0,416,416
Image_31_jpg.rf.ae579ebf148d15ff01584210bfb99024.jpg,416,416,Banknotes,13,0,416,236
Image_31_jpg.rf.ae579ebf148d15ff01584210bfb99024.jpg,416,416,Banknotes,2,188,410,416
Image_22_png_jpg.rf.ad45e362e665c50b186c2e2d449a4987.jpg,416,416,Banknotes,13,62,401,354
Image_40_jpg.rf.ac6aa109b6be09455aa4b0cf60c7a542.jpg,416,416,Banknotes,34,76,386,298
Image_11_JPG_jpg.rf.b6e1490b8d37e3fa74376158bb75aa44.jpg,416,416,Banknotes,0,0,411,416
Image_231_jpeg_jpg.rf.b833e859854febb9d31db3bca818cec1.jpg,416,416,Banknotes,0,0,416,416
Image_110_JPG_jpg.rf.ae624f50bde17b1563094ae52d97e928.jpg,416,416,Banknotes,0,0,416,416

Image_14_JPG_jpg.rf.bc61bbb44df3f031373ef8a11de5d2a0.jpg,416,416,Banknotes,0,0,416,416
Image_116_jpg.rf.b7405cbf3207f4d4f201c74c739c9e0e.jpg,416,416,Banknotes,0,0,416,416
Image_86_jpg.rf.b4c82c77e899dbd5ee4f7034ee0c8860.jpg,416,416,Banknotes,0,0,416,416

Image_188_jpg.rf.b91c8766b383ff8d434b4e27611ab47d.jpg,416,416,Banknotes,1,5,416,397
Image_253_jpg.rf.b8c8e5f5572f9e5c2e5f2e860c0ff548.jpg,416,416,Banknotes,0,0,416,416
Image_26_jpg.rf.b4b1fd43251c084582f03c62e9db60b3.jpg,416,416,Banknotes,1,215,411,416
Image_26_jpg.rf.b4b1fd43251c084582f03c62e9db60b3.jpg,416,416,Banknotes,0,0,409,206

Image_123_jpg.rf.bd6620156d75a8fd7ebbb59d7160da1f.jpg,416,416,Banknotes,1,12,401,202
Image_123_jpg.rf.bd6620156d75a8fd7ebbb59d7160da1f.jpg,416,416,Banknotes,18,204,407,386

Image_23_jpg.rf.b8b00d548f292826fa89d49db849489b.jpg,416,416,Banknotes,0,11,416,416
Image_245_jpg.rf.c13323c191cf51680f5870c612aa3a80.jpg,416,416,Banknotes,0,0,416,416
Image_260_jpg.rf.b585074cc87b2a4d45387e3048680f54.jpg,416,416,Banknotes,0,0,416,411
Image_86_jpg.rf.bb40fc11a2f0383b80609d05a3004759.jpg,416,416,Banknotes,38,45,399,335
Image_62_jpg.rf.bad63cf0244384c5d570dcf501cd829c.jpg,416,416,Banknotes,0,41,415,378
Image_60_jpg.rf.bf2a54242b6e14516af394fef5233881.jpg,416,416,Banknotes,21,218,409,416
Image_60_jpg.rf.bf2a54242b6e14516af394fef5233881.jpg,416,416,Banknotes,0,29,404,247
Image_32_jpg.rf.c294db0425a36dab8048321c6b2ac040.jpg,416,416,Banknotes,0,19,416,391
Image_58_jpg.rf.c2c0f5f4e78783c81e1e7659d82e5ac5.jpg,416,416,Banknotes,0,0,416,416
Image_220_jpg.rf.c3d4cffd6ce4f3c16bfb8259bd007bc5.jpg,416,416,Banknotes,22,73,388,379
Image_14_JPG_jpg.rf.ba13b1b9c0a6d1dc44d4712a9adedda5.jpg,416,416,Banknotes,0,0,416,416
Image_10_jpeg_jpg.rf.cff6cfba859b660a7937fbeb56c7cdf3.jpg,416,416,Banknotes,0,0,416,211
Image_10_jpeg_jpg.rf.cff6cfba859b660a7937fbeb56c7cdf3.jpg,416,416,Banknotes,4,193,416,416
Image_37_jpg.rf.c927f8e26b8e5bd5c64bed6e1a3f9acd.jpg,416,416,Banknotes,0,0,416,226
Image_37_jpg.rf.c927f8e26b8e5bd5c64bed6e1a3f9acd.jpg,416,416,Banknotes,0,191,413,416
Image_116_jpg.rf.b6ba51dd76073f4b6931a3733f351100.jpg,416,416,Banknotes,0,0,416,416
Image_130_jpg.rf.cdb35b0691be0e3821763610a64ebf10.jpg,416,416,Banknotes,47,153,375,403
Image_160_jpg.rf.c34439fb27730931f4b4e8dd3c4e298c.jpg,416,416,Banknotes,6,190,416,416
Image_160_jpg.rf.c34439fb27730931f4b4e8dd3c4e298c.jpg,416,416,Banknotes,0,0,413,213
Image_18_jpg.rf.cd5a88097245b918ff6b8b6b5193fe21.jpg,416,416,Banknotes,2,0,416,231
Image_18_jpg.rf.cd5a88097245b918ff6b8b6b5193fe21.jpg,416,416,Banknotes,2,183,416,416
Image_10_JPG_jpg.rf.ca8ee9acdc63c9e3588b999eb9d35ca5.jpg,416,416,Banknotes,0,0,416,416
Image_259_jpg.rf.c85e84ec5a93cead1edd7e8d7b19d4e5.jpg,416,416,Banknotes,0,0,416,416
Image_138_jpg.rf.c306b3c8b7bbf277dceb801afcca9c98.jpg,416,416,Banknotes,31,53,401,339
Image_194_jpg.rf.c382b558335062e378f1781a018ce792.jpg,416,416,Banknotes,133,65,133,68
Image_194_jpg.rf.c382b558335062e378f1781a018ce792.jpg,416,416,Banknotes,114,65,118,65
Image_194_jpg.rf.c382b558335062e378f1781a018ce792.jpg,416,416,Banknotes,104,64,395,319
Image_25_jpg.rf.ccfe1b3a186d824782eddcfa69d8cd87.jpg,416,416,Banknotes,0,0,416,416
Image_124_jpg.rf.c3df590a98badd3ed3c85d4f3930f5fc.jpg,416,416,Banknotes,24,26,220,159
Image_124_jpg.rf.c3df590a98badd3ed3c85d4f3930f5fc.jpg,416,416,Banknotes,218,49,415,177
Image_124_jpg.rf.c3df590a98badd3ed3c85d4f3930f5fc.jpg,416,416,Banknotes,11,146,210,276
Image_124_jpg.rf.c3df590a98badd3ed3c85d4f3930f5fc.jpg,416,416,Banknotes,203,167,403,295
Image_124_jpg.rf.c3df590a98badd3ed3c85d4f3930f5fc.jpg,416,416,Banknotes,2,263,198,391
Image_124_jpg.rf.c3df590a98badd3ed3c85d4f3930f5fc.jpg,416,416,Banknotes,192,286,389,416
Image_42_jpg.rf.c616618388b0d8843b710ec2b7fd9973.jpg,416,416,Banknotes,0,209,411,409
Image_42_jpg.rf.c616618388b0d8843b710ec2b7fd9973.jpg,416,416,Banknotes,0,0,416,218
Image_70_jpg.rf.ca12dc57a2364cd4b49438c334061675.jpg,416,416,Banknotes,25,67,416,407
Image_104_JPG_jpg.rf.c529e6b073345e01ea081d213dc4978d.jpg,416,416,Banknotes,0,0,416,416
IMG_1108_jpg.rf.cf8c14f8c3822ec628f5ecd7547c1d4f.jpg,416,416,Banknotes,256,32,344,267
IMG_1108_jpg.rf.cf8c14f8c3822ec628f5ecd7547c1d4f.jpg,416,416,Banknotes,171,21,257,261
IMG_1108_jpg.rf.cf8c14f8c3822ec628f5ecd7547c1d4f.jpg,416,416,Banknotes,254,269,339,412
IMG_1108_jpg.rf.cf8c14f8c3822ec628f5ecd7547c1d4f.jpg,416,416,Banknotes,169,271,250,414

Image_253_jpg.rf.cf3e552917dffb780267686a8832ecb7.jpg,416,416,Banknotes,0,0,416,416
Image_10_jpeg_jpg.rf.d3a070672eccac29ebb32c491c3b0b5a.jpg,416,416,Banknotes,6,201,416,416
Image_10_jpeg_jpg.rf.d3a070672eccac29ebb32c491c3b0b5a.jpg,416,416,Banknotes,0,0,416,214
Image_42_jpg.rf.d88b65abc675686be47267c54b72b20b.jpg,416,416,Banknotes,0,201,411,416
Image_42_jpg.rf.d88b65abc675686be47267c54b72b20b.jpg,416,416,Banknotes,0,0,416,234
IMG_1096_jpg.rf.d3ff48b9bba927f01bb793ad9633c5fd.jpg,416,416,Banknotes,63,141,398,354
Image_174_jpg.rf.d5c91ce20f63ed603e5029b7964319a8.jpg,416,416,Banknotes,95,110,288,225
Image_112_jpg.rf.ceeba950681763d52ebc5b78ac572d93.jpg,416,416,Banknotes,9,213,402,408
Image_112_jpg.rf.ceeba950681763d52ebc5b78ac572d93.jpg,416,416,Banknotes,6,2,411,203
Image_22_jpg.rf.ced9d8350c68cc937f168d7e3e1c304c.jpg,416,416,Banknotes,0,0,416,416
Image_37_jpg.rf.d875b9d63129905dad8740c7694b79e6.jpg,416,416,Banknotes,0,0,416,225
Image_37_jpg.rf.d875b9d63129905dad8740c7694b79e6.jpg,416,416,Banknotes,1,202,416,416
Image_259_jpg.rf.d0e458e45323712daa0fc997cb3f3cf1.jpg,416,416,Banknotes,0,0,416,416
Image_51_jpg.rf.d5f9a2bf71f1a2242d42bde48d945372.jpg,416,416,Banknotes,0,0,416,416
Image_168_JPG_jpg.rf.d592b59e40b8f214ba03cc17be21fab6.jpg,416,416,Banknotes,0,0,416,416
IMG_1104_jpg.rf.da8a15555d658b9c1b4bc966e87dd177.jpg,416,416,Banknotes,55,7,232,416
IMG_1099_jpg.rf.d0ffb4c7970e851a8f16fdb9ec40dae8.jpg,416,416,Banknotes,169,14,349,416
Image_23_jpg.rf.dd23f8fe2c0cada43d87a7b91dbac6ce.jpg,416,416,Banknotes,0,0,416,416
Image_7_jpg.rf.d7e2b1e4c5d70791dd496aa0bb252aa5.jpg,416,416,Banknotes,0,0,416,416
Image_228_jpg.rf.d945af0118337866167896a1be0dcb41.jpg,416,416,Banknotes,0,0,416,416
Image_297_png_jpg.rf.db3ac38f6887c8fdcd549ad184cd6899.jpg,416,416,Banknotes,0,55,373,349
Image_1_JPG_jpg.rf.e324b30287cb50f14ef709973d0aac72.jpg,416,416,Banknotes,0,0,416,414

Image_167_jpg.rf.d760a3b87cc3d5d5c3be81a57d3085a4.jpg,416,416,Banknotes,0,199,407,416
Image_167_jpg.rf.d760a3b87cc3d5d5c3be81a57d3085a4.jpg,416,416,Banknotes,1,0,416,220
Image_113_jpg.rf.da4f85bd06a700907f401b25b7b99d6f.jpg,416,416,Banknotes,28,0,416,416
Image_124_jpg.rf.da4553c2990f46a2cc0c42034651cc86.jpg,416,416,Banknotes,5,47,202,182
Image_124_jpg.rf.da4553c2990f46a2cc0c42034651cc86.jpg,416,416,Banknotes,199,38,396,168
Image_124_jpg.rf.da4553c2990f46a2cc0c42034651cc86.jpg,416,416,Banknotes,17,167,216,299
Image_124_jpg.rf.da4553c2990f46a2cc0c42034651cc86.jpg,416,416,Banknotes,209,157,409,287
Image_124_jpg.rf.da4553c2990f46a2cc0c42034651cc86.jpg,416,416,Banknotes,30,284,229,416
Image_124_jpg.rf.da4553c2990f46a2cc0c42034651cc86.jpg,416,416,Banknotes,223,277,416,409
Image_183_jpg.rf.e35a09a2a54462c9a75d65b875d7a5ff.jpg,416,416,Banknotes,48,120,383,392
Image_1_jpg.rf.d7dec2c0c0045b9f31e2200622b3d94f.jpg,416,416,Banknotes,0,0,416,416
Image_37_jpg.rf.db8c96e50950d5b4a9cf3ce662b804a3.jpg,416,416,Banknotes,0,185,410,416
Image_37_jpg.rf.db8c96e50950d5b4a9cf3ce662b804a3.jpg,416,416,Banknotes,0,0,416,225
Image_36_jpg.rf.dcd5296f7549dd9d85811dfecfdce1c4.jpg,416,416,Banknotes,10,17,397,292
Image_104_JPG_jpg.rf.d95ad30e766fef76397a6b56c43da11e.jpg,416,416,Banknotes,0,0,416,416
Image_19_jpg.rf.e01d8edd16e6138830541decc1ed2503.jpg,416,416,Banknotes,0,199,409,416
Image_19_jpg.rf.e01d8edd16e6138830541decc1ed2503.jpg,416,416,Banknotes,0,0,416,215


Image_164_png_jpg.rf.ebdbc8a6543bf2d9b9718267db225aad.jpg,416,416,Banknotes,0,0,416,416
Image_183_jpg.rf.e87a135e68450d3eb520ae3e7e59fd45.jpg,416,416,Banknotes,32,12,389,316
Image_1_jpg.rf.e10b4a443092f035c92cb9c5063cc5fa.jpg,416,416,Banknotes,0,0,416,416
Image_58_jpg.rf.e1683276821c16afb8c64cfc67b8f2e5.jpg,416,416,Banknotes,0,0,416,416
Image_160_jpg.rf.e662109a43e208247e0bbc7bfc903bdf.jpg,416,416,Banknotes,0,0,416,416

Image_133_jpg.rf.e7bd939382e437934a567735487ecab4.jpg,416,416,Banknotes,26,148,382,364
Image_252_jpg.rf.e89c4b5a6d3a3b8effbe138a8d0dd079.jpg,416,416,Banknotes,0,0,416,416
IMG_1105_jpg.rf.e8e78481c466858eb875c6b042c72384.jpg,416,416,Banknotes,219,6,416,221
IMG_1105_jpg.rf.e8e78481c466858eb875c6b042c72384.jpg,416,416,Banknotes,43,1,241,205
IMG_1105_jpg.rf.e8e78481c466858eb875c6b042c72384.jpg,416,416,Banknotes,161,219,372,416
IMG_1105_jpg.rf.e8e78481c466858eb875c6b042c72384.jpg,416,416,Banknotes,0,217,182,416
Image_207_jpg.rf.edca83af0359ec9e9c41439b7f3e9f19.jpg,416,416,Banknotes,29,5,351,358
IMG_1101_jpg.rf.edcc661bb32666f5d4f4eb2eb395e3e0.jpg,416,416,Banknotes,137,0,345,394
Image_25_jpg.rf.e990442dcff36e002fc7c8f1c4aac1ac.jpg,416,416,Banknotes,0,0,416,416
Image_18_jpg.rf.d16fd0de94520b2c0b000f121626a7bb.jpg,416,416,Banknotes,0,192,403,416
Image_18_jpg.rf.d16fd0de94520b2c0b000f121626a7bb.jpg,416,416,Banknotes,0,0,416,217
Image_228_jpg.rf.e6f191736ca91e12b0fc6d1effb8b4d4.jpg,416,416,Banknotes,0,0,416,416
Image_85_jpg.rf.eaeac65b491f3bbae4a164c7a452fd69.jpg,416,416,Banknotes,197,0,410,125
Image_85_jpg.rf.eaeac65b491f3bbae4a164c7a452fd69.jpg,416,416,Banknotes,0,0,201,151
Image_85_jpg.rf.eaeac65b491f3bbae4a164c7a452fd69.jpg,416,416,Banknotes,212,112,416,263
Image_85_jpg.rf.eaeac65b491f3bbae4a164c7a452fd69.jpg,416,416,Banknotes,5,136,219,288
Image_85_jpg.rf.eaeac65b491f3bbae4a164c7a452fd69.jpg,416,416,Banknotes,227,250,416,404
Image_85_jpg.rf.eaeac65b491f3bbae4a164c7a452fd69.jpg,416,416,Banknotes,17,275,237,416
Image_274_jpg.rf.eff732e2aff540c7bd1f26c0a8bbe057.jpg,416,416,Banknotes,0,0,416,416
IMG_1109_jpg.rf.ee7b261dd037f447d434bddb019c6949.jpg,416,416,Banknotes,89,43,171,274
IMG_1109_jpg.rf.ee7b261dd037f447d434bddb019c6949.jpg,416,416,Banknotes,173,37,251,269
IMG_1109_jpg.rf.ee7b261dd037f447d434bddb019c6949.jpg,416,416,Banknotes,87,287,164,416
IMG_1109_jpg.rf.ee7b261dd037f447d434bddb019c6949.jpg,416,416,Banknotes,168,287,244,416
Image_76_jpg.rf.ed147893619e73fa3d370201eac7c44b.jpg,416,416,Banknotes,0,0,416,416
Image_114_jpg.rf.efe91f8b11f8c5ae3cbc5dbe545428a2.jpg,416,416,Banknotes,0,0,416,416
Image_159_jpg.rf.ee1eb7b7a8097b4a034c845c42fa27de.jpg,416,416,Banknotes,0,0,416,416
Image_299_jpg.rf.f3990a88714a2f16ff3c507be9d1e544.jpg,416,416,Banknotes,15,0,372,222
Image_299_jpg.rf.f3990a88714a2f16ff3c507be9d1e544.jpg,416,416,Banknotes,33,182,393,415

Image_31_jpg.rf.eee5c1169c4986b2bf853a75686d935b.jpg,416,416,Banknotes,0,0,405,228
Image_31_jpg.rf.eee5c1169c4986b2bf853a75686d935b.jpg,416,416,Banknotes,7,188,413,416

Image_16_jpg.rf.ea04e3c4cff4d0572cc855b8c0e4cc78.jpg,416,416,Banknotes,0,0,416,416
Image_134_jpg.rf.f9016a20397db92a2d55f75e39926c68.jpg,416,416,Banknotes,22,16,393,211
Image_134_jpg.rf.f9016a20397db92a2d55f75e39926c68.jpg,416,416,Banknotes,26,197,399,385
Image_159_jpg.rf.ede5aca5fa3af056926875df622353bf.jpg,416,416,Banknotes,0,0,416,416

Image_43_jpg.rf.ef7060f5291141aba338631424456b0c.jpg,416,416,Banknotes,0,2,416,416
Image_1_JPG_jpg.rf.fa9c2dc82eed3a51c92cefd995c95d69.jpg,416,416,Banknotes,0,0,416,416
Image_121_jpg.rf.f7b4954bd54846e6157929937cbba8e1.jpg,416,416,Banknotes,4,7,412,406
Image_252_jpg.rf.f8e90d1b3f16baa15bd1269f7848d974.jpg,416,416,Banknotes,0,0,416,416
Image_2_jpg.rf.fcec39e5552297258f112f3987e71a42.jpg,416,416,Banknotes,0,0,416,416
Image_254_jpg.rf.f812214e6174ee31cb6a8a509ecab3ee.jpg,416,416,Banknotes,0,0,416,416
Image_85_jpg.rf.fc9c9e52ee7dcde0a653e19d6614ed42.jpg,416,416,Banknotes,0,0,416,416
Image_30_jpg.rf.fb923e6a3163f2198bcdc0bb0b1a604f.jpg,416,416,Banknotes,0,0,416,416
Image_21_jpg.rf.f6f12e9cb0bfa8df144a6c567252ac3a.jpg,416,416,Banknotes,2,0,416,205
Image_21_jpg.rf.f6f12e9cb0bfa8df144a6c567252ac3a.jpg,416,416,Banknotes,4,199,416,416
Image_276_JPG_jpg.rf.f381fb8ede1ed5a4281554c47740c510.jpg,416,416,Banknotes,3,3,416,413
Image_174_jpg.rf.fd8ba8ee8dcd60eaa24276364087e326.jpg,416,416,Banknotes,87,181,282,302
Image_80_jpg.rf.fba8b26b3a7acc63e1b3b3377f6e2dbd.jpg,416,416,Banknotes,0,21,409,409
Image_183_jpg.rf.fdbeac7f8467b4bcb5ee34e5e698b785.jpg,416,416,Banknotes,25,20,393,189
Image_183_jpg.rf.fdbeac7f8467b4bcb5ee34e5e698b785.jpg,416,416,Banknotes,22,197,392,366
Image_253_jpg.rf.fd1aa6a728bfb28cb4ef7ef345ffa705.jpg,416,416,Banknotes,0,0,416,416

Image_92_jpg.rf.fc1195b4176384b059907f14f211906f.jpg,416,416,Banknotes,73,69,369,303
Image_41_jpg.rf.fdfbc32d2abf31c98854580f65fbf58c.jpg,416,416,Banknotes,73,0,372,151


Image_18_jpg.rf.055146ad8007804c10913c967bc88dd5.jpg,416,416,Banknotes,7,185,416,416
Image_18_jpg.rf.055146ad8007804c10913c967bc88dd5.jpg,416,416,Banknotes,0,0,413,224
Image_254_jpg.rf.03543d78e807ec4a200175583fbfeacc.jpg,416,416,Banknotes,0,0,416,416
Image_134_jpg.rf.02bd4efc2ce4e04985fb59db40b18464.jpg,416,416,Banknotes,3,0,388,211
Image_134_jpg.rf.02bd4efc2ce4e04985fb59db40b18464.jpg,416,416,Banknotes,18,173,405,384
Image_127_jpg.rf.099bbc8a479a71899726bd8cb9dce243.jpg,416,416,Banknotes,19,196,394,356
Image_127_jpg.rf.099bbc8a479a71899726bd8cb9dce243.jpg,416,416,Banknotes,22,42,397,204
Image_260_jpg.rf.02ef3322873b77a3e5786f79273cc7de.jpg,416,416,Banknotes,0,15,406,412
Image_112_jpg.rf.095459816576e78aa1a4abcff0911b95.jpg,416,416,Banknotes,13,205,416,416
Image_112_jpg.rf.095459816576e78aa1a4abcff0911b95.jpg,416,416,Banknotes,0,0,413,234
Image_155_JPG_jpg.rf.0dac9787ec1cbdf0bd668769ac769b03.jpg,416,416,Banknotes,0,0,416,416
Image_253_jpg.rf.04cb6f347c6f6412bfe8034ed1e83487.jpg,416,416,Banknotes,0,0,416,416
Image_64_jpg.rf.1a11a955c5a0de8bb844db9be5d1d67c.jpg,416,416,Banknotes,3,2,412,416
Image_15_jpg.rf.0a986aadbc947dce86ec0807b8560539.jpg,416,416,Banknotes,0,0,416,414
Image_73_jpg.rf.10814b55ece6cf18af4031d8858c198d.jpg,416,416,Banknotes,0,0,416,416
Image_92_jpg.rf.1c2fedc3f80caa94b025974e49213ed0.jpg,416,416,Banknotes,73,117,355,325
Image_153_jpg.rf.1dc772b620315cd354096cbadac556f8.jpg,416,416,Banknotes,0,13,416,416
Image_96_jpg.rf.0ceb6fb1a53b39ac1dbee3b46a638869.jpg,416,416,Banknotes,0,0,416,416
Image_260_jpg.rf.10887ac05ee11a314c8dca6582d03124.jpg,416,416,Banknotes,0,0,416,416
Image_243_jpg.rf.1a746a99311bef58b82345e9782a47de.jpg,416,416,Banknotes,0,0,416,416

Image_190_jpg.rf.113cbfb1d5397b693b88c0bce02e2f87.jpg,416,416,Banknotes,163,152,387,292
Image_274_jpg.rf.1306e28f479b5ff28db53771a788a72c.jpg,416,416,Banknotes,0,0,416,416
IMG_1102_jpg.rf.1e129fee640482daaa9b15f1661fba10.jpg,416,416,Banknotes,33,0,234,406
Image_243_jpg.rf.155a3cb7b1c5a22470a40fd869c4637b.jpg,416,416,Banknotes,0,0,416,416
Image_69_jpg.rf.0fb22040e62815a5a16e4a502f344900.jpg,416,416,Banknotes,0,0,416,416
Image_11_JPG_jpg.rf.10050e621bc72709f1e1577869f56152.jpg,416,416,Banknotes,0,0,416,416
Image_90_jpg.rf.17118b29ee70ef2e7f015757990f9ff1.jpg,416,416,Banknotes,0,2,415,416
Image_10_jpeg_jpg.rf.15594629578878c4449e7af992292242.jpg,416,416,Banknotes,0,195,411,414
Image_10_jpeg_jpg.rf.15594629578878c4449e7af992292242.jpg,416,416,Banknotes,0,0,416,204
Image_2_jpg.rf.115aeb72c6556c1b6cfd075383c9dad2.jpg,416,416,Banknotes,0,0,416,416
Image_114_jpg.rf.0ecf5216adb8eeaa7a5807ae23db252a.jpg,416,416,Banknotes,0,0,415,416
Image_114_jpg.rf.16b8be105d7ce5e978d88304c2342cb9.jpg,416,416,Banknotes,7,105,416,318
Image_1_JPG_jpg.rf.202d31c64949a01368be49628b65f041.jpg,416,416,Banknotes,0,0,416,416
Image_124_jpg.rf.2308ed63880cb01998c71839a1f9f1a0.jpg,416,416,Banknotes,210,50,400,171
Image_124_jpg.rf.2308ed63880cb01998c71839a1f9f1a0.jpg,416,416,Banknotes,15,44,206,159
Image_124_jpg.rf.2308ed63880cb01998c71839a1f9f1a0.jpg,416,416,Banknotes,203,171,396,288
Image_124_jpg.rf.2308ed63880cb01998c71839a1f9f1a0.jpg,416,416,Banknotes,9,163,203,278
Image_124_jpg.rf.2308ed63880cb01998c71839a1f9f1a0.jpg,416,416,Banknotes,198,288,391,405
Image_124_jpg.rf.2308ed63880cb01998c71839a1f9f1a0.jpg,416,416,Banknotes,5,283,197,400
Image_111_jpg.rf.1e6636429e8c8fac9d29d71f867fa27a.jpg,416,416,Banknotes,0,0,416,416

Image_109_jpg.rf.18afa4fe88f8f45c70d36b0878d9ce3d.jpg,416,416,Banknotes,2,78,416,336
Image_79_jpg.rf.13a57a213330fd996ec50e3aba80a5e0.jpg,416,416,Banknotes,0,0,416,416
Image_73_jpg.rf.192b57cea8ae06018a6a5e400e723c74.jpg,416,416,Banknotes,0,0,416,416
Image_53_jpg.rf.24ab58b6b530ded350f5421b3ef44a2b.jpg,416,416,Banknotes,0,122,389,348
Image_41_jpg.rf.27b9f199c0d081fa9ee9902d773c29bf.jpg,416,416,Banknotes,52,258,354,416
Image_148_jpg.rf.18c9a298a438887351b5c2c6dc442d12.jpg,416,416,Banknotes,0,0,416,410
Image_53_jpg.rf.28c74b614fe3eacb14c2ecd11b559ae2.jpg,416,416,Banknotes,0,133,385,343
Image_239_jpg.rf.25af77473c910bf83744258066760575.jpg,416,416,Banknotes,0,0,416,416
Image_76_jpg.rf.22cc7d506801b55236d3badb176585c7.jpg,416,416,Banknotes,0,0,416,416
Image_203_jpg.rf.260592d107e94afb1a694cd23ee50511.jpg,416,416,Banknotes,2,121,203,292
Image_203_jpg.rf.260592d107e94afb1a694cd23ee50511.jpg,416,416,Banknotes,211,120,413,296
Image_264_jpg.rf.2c3a32592d6e49357c0aed2cc71288e6.jpg,416,416,Banknotes,11,15,400,112
Image_264_jpg.rf.2c3a32592d6e49357c0aed2cc71288e6.jpg,416,416,Banknotes,8,114,402,210
Image_264_jpg.rf.2c3a32592d6e49357c0aed2cc71288e6.jpg,416,416,Banknotes,11,213,406,306
Image_264_jpg.rf.2c3a32592d6e49357c0aed2cc71288e6.jpg,416,416,Banknotes,379,299,384,300
Image_264_jpg.rf.2c3a32592d6e49357c0aed2cc71288e6.jpg,416,416,Banknotes,11,312,408,410
Image_254_jpg.rf.3068bdb946d970bdfc1d259ad6506e22.jpg,416,416,Banknotes,0,0,416,416
IMG_1101_jpg.rf.2a4708e5c9458bbcb6a14f874674f62d.jpg,416,416,Banknotes,141,11,351,415
Image_341_jpg.rf.304759e0ca6815a516c2b79bc2fd7868.jpg,416,416,Banknotes,10,13,409,403
Image_193_jpg.rf.2dfb4583b87a8083365807cf13c5a317.jpg,416,416,Banknotes,46,137,360,395
Image_40_jpg.rf.28bfcf34e0f39fafd09420267c21d12e.jpg,416,416,Banknotes,32,112,390,348
Image_27_JPG_jpg.rf.2b99fae451cfe1b5c19ede4fa3371bcb.jpg,416,416,Banknotes,0,0,416,416
Image_10_JPG_jpg.rf.27c9f64157bcc157d944d171eaf448ae.jpg,416,416,Banknotes,0,0,416,416
Image_58_jpg.rf.28053baa732383b86b0f0604d3cd2de6.jpg,416,416,Banknotes,22,35,380,402
IMG_1108_jpg.rf.2450da4b03e791888816d9c257bda476.jpg,416,416,Banknotes,78,31,162,267
IMG_1108_jpg.rf.2450da4b03e791888816d9c257bda476.jpg,416,416,Banknotes,163,22,245,266
IMG_1108_jpg.rf.2450da4b03e791888816d9c257bda476.jpg,416,416,Banknotes,76,270,161,416
IMG_1108_jpg.rf.2450da4b03e791888816d9c257bda476.jpg,416,416,Banknotes,165,274,246,416
Image_113_jpg.rf.2bec56e46fd2bb2773803c8e5ec34109.jpg,416,416,Banknotes,4,6,415,409
Image_33_jpg.rf.2e1f1ad99a59a7a147111c4e0f0c57c3.jpg,416,416,Banknotes,0,0,416,416
Image_99_jpg.rf.2fbaa9c6b896a6586dcb7ddbe932f8e1.jpg,416,416,Banknotes,0,0,416,416
Image_27_JPG_jpg.rf.2b310bcefc0605add665a1982e780a84.jpg,416,416,Banknotes,0,0,416,416
Image_200_jpg.rf.2b532decd991c7fcb05eee3a1dfb84e0.jpg,416,416,Banknotes,10,0,401,196
Image_200_jpg.rf.2b532decd991c7fcb05eee3a1dfb84e0.jpg,416,416,Banknotes,21,176,413,378
Image_190_jpg.rf.2d7a2159abc03659d384d706551e0795.jpg,416,416,Banknotes,158,141,385,283
Image_344_jpg.rf.275d52b3195fe160245e5fd4caf284d1.jpg,416,416,Banknotes,5,2,413,207
Image_344_jpg.rf.275d52b3195fe160245e5fd4caf284d1.jpg,416,416,Banknotes,6,214,412,414
Image_98_jpg.rf.300aae368152f7735c2803c2b9fcd311.jpg,416,416,Banknotes,46,1,388,280

Image_39_jpg.rf.3112c0c708997477e730ac0f8b7d3b98.jpg,416,416,Banknotes,0,0,416,416
Image_273_JPG_jpg.rf.385b7b20b46d41676be08703a5031ace.jpg,416,416,Banknotes,4,5,413,406
Image_188_jpg.rf.31b1c9aeb9e6c2d2b5c625048d23794d.jpg,416,416,Banknotes,0,0,416,410

IMG_1096_jpg.rf.343c42fb91a5b3314377861dd0ad938b.jpg,416,416,Banknotes,55,56,398,281
Image_86_jpg.rf.34ea3751a4bdb375d4b1cc6aaebc5a50.jpg,416,416,Banknotes,0,0,416,416
Image_248_jpg.rf.34e7298401357944fca3070e4b5bde10.jpg,416,416,Banknotes,0,0,416,416
Image_27_JPG_jpg.rf.3dd2e7383fae8b5c61bfa9c662a05cdd.jpg,416,416,Banknotes,0,0,416,416
Image_19_jpg.rf.22c39c265dfa8457fbde29b1ac02710d.jpg,416,416,Banknotes,0,0,416,216
Image_19_jpg.rf.22c39c265dfa8457fbde29b1ac02710d.jpg,416,416,Banknotes,5,193,416,416
Image_159_jpg.rf.36c4805c567216dbbcff3712bb36ca27.jpg,416,416,Banknotes,0,0,416,416
IMG_1105_jpg.rf.410a8e8e9ed1b71adec94ff279d5a2dc.jpg,416,416,Banknotes,23,212,201,416
IMG_1105_jpg.rf.410a8e8e9ed1b71adec94ff279d5a2dc.jpg,416,416,Banknotes,209,213,380,416
IMG_1105_jpg.rf.410a8e8e9ed1b71adec94ff279d5a2dc.jpg,416,416,Banknotes,18,3,201,204
IMG_1105_jpg.rf.410a8e8e9ed1b71adec94ff279d5a2dc.jpg,416,416,Banknotes,207,1,390,191
Image_268_jpg.rf.42c582ea974eae5ab7b5ba6543b75f90.jpg,416,416,Banknotes,0,6,416,416
IMG_1108_jpg.rf.3f454c0ef173b0b9d4614d2c99793dab.jpg,416,416,Banknotes,77,159,176,398
IMG_1108_jpg.rf.3f454c0ef173b0b9d4614d2c99793dab.jpg,416,416,Banknotes,163,150,260,394
IMG_1108_jpg.rf.3f454c0ef173b0b9d4614d2c99793dab.jpg,416,416,Banknotes,63,8,154,163
IMG_1108_jpg.rf.3f454c0ef173b0b9d4614d2c99793dab.jpg,416,416,Banknotes,152,0,239,146
Image_90_jpg.rf.3411567a067c7f2b002a647236ef2429.jpg,416,416,Banknotes,80,112,396,331
Image_25_jpg.rf.46dfe89b56e884dfc69dadd777397add.jpg,416,416,Banknotes,8,10,416,402
Image_245_jpg.rf.4449da5191edcf2c83a95db6c84921b5.jpg,416,416,Banknotes,0,0,416,416

Image_160_jpg.rf.3dd335beb469a54e18a6712e3a6ba611.jpg,416,416,Banknotes,0,0,416,416
Image_12_JPG_jpg.rf.3925d6da596cdfb7e2eca88cae3c0fa9.jpg,416,416,Banknotes,0,0,416,416
Image_109_jpg.rf.4017247763b7ff326d5ca1eb2effd9b1.jpg,416,416,Banknotes,0,66,413,337
Image_121_JPG_jpg.rf.45d046dbb4d23f41221e5247a7309626.jpg,416,416,Banknotes,0,0,415,416
Image_79_jpg.rf.409067c06a212e92d9903397d32531ec.jpg,416,416,Banknotes,0,0,416,416
Image_188_jpg.rf.40147d77b56603f48a761dcda661cf18.jpg,416,416,Banknotes,0,0,416,416
Image_66_jpg.rf.46a8b762d210adb488bff8e2aa9aad6d.jpg,416,416,Banknotes,4,3,416,206
Image_66_jpg.rf.46a8b762d210adb488bff8e2aa9aad6d.jpg,416,416,Banknotes,2,218,416,416
Image_66_jpg.rf.46a8b762d210adb488bff8e2aa9aad6d.jpg,416,416,Banknotes,4,4,412,205
Image_66_jpg.rf.46a8b762d210adb488bff8e2aa9aad6d.jpg,416,416,Banknotes,2,217,416,415
Image_27_JPG_jpg.rf.4f995e2aa76e60a70e7992832790de43.jpg,416,416,Banknotes,0,0,416,416
Image_31_jpg.rf.3ab70a9fa1749fd18460167e0a345911.jpg,416,416,Banknotes,0,0,406,230
Image_31_jpg.rf.3ab70a9fa1749fd18460167e0a345911.jpg,416,416,Banknotes,8,199,414,416
Image_223_jpg.rf.479bd781f06169387582f79b5b68c015.jpg,416,416,Banknotes,8,132,353,253
Image_37_jpg.rf.48116d38f1fd410e2e228811e5661493.jpg,416,416,Banknotes,6,97,409,314
Image_85_jpg.rf.498c6bba114d2f415ee8eece5ec466cf.jpg,416,416,Banknotes,11,0,225,132
Image_85_jpg.rf.498c6bba114d2f415ee8eece5ec466cf.jpg,416,416,Banknotes,221,0,416,146
Image_85_jpg.rf.498c6bba114d2f415ee8eece5ec466cf.jpg,416,416,Banknotes,3,115,216,269
Image_85_jpg.rf.498c6bba114d2f415ee8eece5ec466cf.jpg,416,416,Banknotes,209,129,416,284
Image_85_jpg.rf.498c6bba114d2f415ee8eece5ec466cf.jpg,416,416,Banknotes,6,254,206,412
Image_85_jpg.rf.498c6bba114d2f415ee8eece5ec466cf.jpg,416,416,Banknotes,196,269,416,410
Image_4_jpg.rf.4f11beb86502f77ced779cbd8e716327.jpg,416,416,Banknotes,0,0,416,416
Image_21_jpg.rf.510db89915f884be13e923a2c66491f6.jpg,416,416,Banknotes,2,0,416,220
Image_21_jpg.rf.510db89915f884be13e923a2c66491f6.jpg,416,416,Banknotes,6,202,416,416
Image_121_JPG_jpg.rf.4bf0f1c4a16102908494968eaca4a819.jpg,416,416,Banknotes,0,0,416,416
Image_86_jpg.rf.48ce06ccd9e9162a81dab5f54b7c62aa.jpg,416,416,Banknotes,0,0,416,416
Image_262_jpg.rf.3a9f4c9ae8d06200f4ec19b2ea4df083.jpg,416,416,Banknotes,2,199,416,416
Image_262_jpg.rf.3a9f4c9ae8d06200f4ec19b2ea4df083.jpg,416,416,Banknotes,0,0,415,217
Image_261_jpg.rf.4b9c4753fdd6d28f5f2443b8680fb1f6.jpg,416,416,Banknotes,0,0,416,416
Image_55_jpg.rf.50aa2be02e32a8cad1b301349715fba9.jpg,416,416,Banknotes,0,0,416,416
Image_47_jpg.rf.4c2df5c2d61a82b6f112db79239ed1ae.jpg,416,416,Banknotes,22,80,166,416
Image_47_jpg.rf.4c2df5c2d61a82b6f112db79239ed1ae.jpg,416,416,Banknotes,109,69,276,416
Image_47_jpg.rf.4c2df5c2d61a82b6f112db79239ed1ae.jpg,416,416,Banknotes,151,88,398,395
Image_153_jpg.rf.569f9ae43656ef482d380c664de8b666.jpg,416,416,Banknotes,0,0,416,416
Image_55_jpg.rf.5444483c43921735d8c2b0a067ec352f.jpg,416,416,Banknotes,0,0,416,416
Image_98_jpg.rf.5055b01696287441ff033c91c86cfb4c.jpg,416,416,Banknotes,48,155,364,409
Image_37_jpg.rf.4c1414d9b40e5578ccb4f04404834ce8.jpg,416,416,Banknotes,0,85,408,330
IMG_1109_jpg.rf.3af58ab472453200f9f506a66aef2870.jpg,416,416,Banknotes,121,35,236,204
IMG_1109_jpg.rf.3af58ab472453200f9f506a66aef2870.jpg,416,416,Banknotes,233,31,343,205
IMG_1109_jpg.rf.3af58ab472453200f9f506a66aef2870.jpg,416,416,Banknotes,130,218,239,312
IMG_1109_jpg.rf.3af58ab472453200f9f506a66aef2870.jpg,416,416,Banknotes,243,224,341,312
Image_25_jpg.rf.61459d3d0244094b3706da64f9b4cd42.jpg,416,416,Banknotes,1,12,416,410
Image_1_JPG_jpg.rf.591e1e3ae8c05bdd1f4c277a9666b207.jpg,416,416,Banknotes,0,0,416,416
Image_231_jpeg_jpg.rf.53020f01cd0b5b6cd3bb68cb811358b8.jpg,416,416,Banknotes,0,0,416,416
Image_261_jpg.rf.4bc32d6dcb5216e22fce3bcfcb2e1209.jpg,416,416,Banknotes,0,0,416,416
Image_156_jpg.rf.53e2ea6717dd89955509aaeaa9b0aecf.jpg,416,416,Banknotes,0,0,416,416
Image_104_JPG_jpg.rf.5e0aa8ca28052ac26c6465ca03be9e02.jpg,416,416,Banknotes,0,0,416,416
Image_2_jpg.rf.5997cb8d5a033ef4bf8a176979211ef0.jpg,416,416,Banknotes,0,0,416,416
Image_114_jpg.rf.5a6b72e74c378395193eb51cc75bac27.jpg,416,416,Banknotes,0,0,416,416
Image_30_jpg.rf.582d7e6875f092afe41f10e8dcf982b9.jpg,416,416,Banknotes,0,0,416,416
Image_343_jpg.rf.6202876da8781678200e7609c5ca7011.jpg,416,416,Banknotes,37,0,364,150
Image_343_jpg.rf.6202876da8781678200e7609c5ca7011.jpg,416,416,Banknotes,54,120,383,287
Image_343_jpg.rf.6202876da8781678200e7609c5ca7011.jpg,416,416,Banknotes,68,255,396,415
Image_261_jpg.rf.663899f44d4456a2a8cd8e75a9daab8d.jpg,416,416,Banknotes,0,0,416,416
IMG_1105_jpg.rf.50479af2a5d98b2af4b6c2028c6e8b58.jpg,416,416,Banknotes,18,0,190,205
IMG_1105_jpg.rf.50479af2a5d98b2af4b6c2028c6e8b58.jpg,416,416,Banknotes,203,0,368,205
IMG_1105_jpg.rf.50479af2a5d98b2af4b6c2028c6e8b58.jpg,416,416,Banknotes,24,210,209,412
IMG_1105_jpg.rf.50479af2a5d98b2af4b6c2028c6e8b58.jpg,416,416,Banknotes,216,219,402,416
Image_190_jpg.rf.5cda414e5276900c0f6ac51862218378.jpg,416,416,Banknotes,23,140,246,279
Image_238_jpg.rf.62fff6a7fd3687c6fb04a20a2d355b1d.jpg,416,416,Banknotes,0,0,416,416
Image_121_JPG_jpg.rf.63eceb06c640dad37ec705584e5abb68.jpg,416,416,Banknotes,0,0,416,416
Image_40_jpg.rf.5dd076d9d096a4462a2948223d3220a3.jpg,416,416,Banknotes,20,112,384,341
Image_227_jpg.rf.650effe6da3872c1506dbd4996185c5f.jpg,416,416,Banknotes,0,102,411,327
Image_228_jpg.rf.55933d068e12ce3de7673be7c7038fa8.jpg,416,416,Banknotes,0,0,416,416
Image_10_JPG_jpg.rf.620dcbc5bd40a3a7e69359f5e0b9434c.jpg,416,416,Banknotes,0,0,416,411

Image_70_jpg.rf.59954401aa29da9db02e127d5b3a9008.jpg,416,416,Banknotes,6,23,395,362
Image_112_jpg.rf.6200d0c6c9f09d07774edee59becb2de.jpg,416,416,Banknotes,0,195,405,416
Image_112_jpg.rf.6200d0c6c9f09d07774edee59becb2de.jpg,416,416,Banknotes,0,0,410,213
Image_345_jpeg_jpg.rf.5782fd3412689bb21c106c5e71fa2719.jpg,416,416,Banknotes,0,7,416,202
Image_345_jpeg_jpg.rf.5782fd3412689bb21c106c5e71fa2719.jpg,416,416,Banknotes,0,214,416,414
Image_88_jpg.rf.64742b0c16fabc0b7bedc4e6a18af4e0.jpg,416,416,Banknotes,62,114,300,262
Image_133_jpg.rf.6abca229d28d62335473c41236eb3660.jpg,416,416,Banknotes,27,138,385,356
IMG_1106_jpg.rf.66a0cb0629c8c5fc47734a5b0997f9a2.jpg,416,416,Banknotes,31,214,232,416
IMG_1106_jpg.rf.66a0cb0629c8c5fc47734a5b0997f9a2.jpg,416,416,Banknotes,210,213,410,413
IMG_1106_jpg.rf.66a0cb0629c8c5fc47734a5b0997f9a2.jpg,416,416,Banknotes,22,8,225,213
IMG_1106_jpg.rf.66a0cb0629c8c5fc47734a5b0997f9a2.jpg,416,416,Banknotes,202,2,413,212
Image_116_jpg.rf.70345023815430f917d05a8bb5bd5458.jpg,416,416,Banknotes,0,0,416,403
Image_167_jpg.rf.649b36eef442e61b0fdabc6b7ea118f6.jpg,416,416,Banknotes,0,0,413,234
Image_167_jpg.rf.649b36eef442e61b0fdabc6b7ea118f6.jpg,416,416,Banknotes,8,196,416,416
Image_86_jpg.rf.6ddae71283b1014efe8bccfad95bd4f7.jpg,416,416,Banknotes,23,51,377,334
IMG_1106_jpg.rf.6b4c8a13c907fcf7f64cb9ad9f400788.jpg,416,416,Banknotes,190,212,403,413
IMG_1106_jpg.rf.6b4c8a13c907fcf7f64cb9ad9f400788.jpg,416,416,Banknotes,14,209,225,414
IMG_1106_jpg.rf.6b4c8a13c907fcf7f64cb9ad9f400788.jpg,416,416,Banknotes,203,6,416,216
IMG_1106_jpg.rf.6b4c8a13c907fcf7f64cb9ad9f400788.jpg,416,416,Banknotes,15,0,237,213
Image_164_png_jpg.rf.6c6a5e0cacb5dc31c5aeec38bed91916.jpg,416,416,Banknotes,0,0,416,416
Image_16_jpg.rf.69d3934fa9a0b58163ce86a5c5d2d7e3.jpg,416,416,Banknotes,0,0,416,416

Image_156_jpg.rf.6fee61272073cc2f1fb130230dc78d85.jpg,416,416,Banknotes,0,0,416,416
IMG_1102_jpg.rf.71da9312b1050287cdd43b628e1ec7fb.jpg,416,416,Banknotes,179,12,382,413
IMG_1099_jpg.rf.6d79c3bd76f130bb612e78f01d3fd30c.jpg,416,416,Banknotes,68,9,248,416
Image_58_jpg.rf.688429941084ee8ad3b6bbca82cb01e5.jpg,416,416,Banknotes,0,0,416,416
Image_33_jpg.rf.6cb86a9fbf3a0efb2d2a2f7640ebade8.jpg,416,416,Banknotes,0,0,416,416
Image_155_JPG_jpg.rf.63e4e422ee87f57313e39fb894ef0ae0.jpg,416,416,Banknotes,0,0,416,416
Image_223_jpg.rf.705a9e7ad90c6334214811d3c0de9799.jpg,416,416,Banknotes,51,112,404,258
Image_160_jpg.rf.754591aa365e88af3d6a874236e6d44d.jpg,416,416,Banknotes,7,192,416,416
Image_160_jpg.rf.754591aa365e88af3d6a874236e6d44d.jpg,416,416,Banknotes,0,0,412,235
Image_56_jpg.rf.71be3e12374636c16bf3e3f68027701e.jpg,416,416,Banknotes,0,0,416,416
Image_130_jpg.rf.68998fabd3267f4e71d5175a87cc1633.jpg,416,416,Banknotes,5,15,400,206
IMG_1109_jpg.rf.6dd5de5737755a2108b6fb120eb7c890.jpg,416,416,Banknotes,244,158,330,387
IMG_1109_jpg.rf.6dd5de5737755a2108b6fb120eb7c890.jpg,416,416,Banknotes,164,153,246,388
IMG_1109_jpg.rf.6dd5de5737755a2108b6fb120eb7c890.jpg,416,416,Banknotes,252,10,334,143
IMG_1109_jpg.rf.6dd5de5737755a2108b6fb120eb7c890.jpg,416,416,Banknotes,175,5,248,131
Image_118_jpg.rf.751749bcf0ed2d7c1862b53d5fcbd365.jpg,416,416,Banknotes,0,91,416,341
Image_2_JPG_jpg.rf.6e1d060a3b7c96e14500b46278167527.jpg,416,416,Banknotes,16,2,411,101
Image_2_JPG_jpg.rf.6e1d060a3b7c96e14500b46278167527.jpg,416,416,Banknotes,14,106,402,206
Image_2_JPG_jpg.rf.6e1d060a3b7c96e14500b46278167527.jpg,416,416,Banknotes,13,207,411,311
Image_2_JPG_jpg.rf.6e1d060a3b7c96e14500b46278167527.jpg,416,416,Banknotes,12,312,413,415
IMG_1096_jpg.rf.74cc9739c6dd7b1db86c44792fe598d3.jpg,416,416,Banknotes,16,69,355,284

Image_27_JPG_jpg.rf.7694a4598ad58c1c0eb942fdc4562691.jpg,416,416,Banknotes,0,0,416,416
Image_1_JPG_jpg.rf.6fe5df31622e5c2ae6cd10bb69f68186.jpg,416,416,Banknotes,0,0,416,416
Image_271_jpg.rf.78dcf3afebbda89cef1131d29edb8650.jpg,416,416,Banknotes,0,0,416,416

Image_127_jpg.rf.781e76c677ea94111bd4797b3c86e62b.jpg,416,416,Banknotes,15,194,393,373
Image_127_jpg.rf.781e76c677ea94111bd4797b3c86e62b.jpg,416,416,Banknotes,9,40,388,221
Image_207_jpg.rf.74c75d65e12deb860eb8fa2687219725.jpg,416,416,Banknotes,86,66,390,397
Image_76_jpg.rf.76f227679cb17bb2bae568be491b3cc6.jpg,416,416,Banknotes,0,0,416,416
Image_339_jpg.rf.76d02fd195aec80861239dd59a8a4463.jpg,416,416,Banknotes,0,28,415,416
Image_243_jpg.rf.78d22251e265bbda9ba8cde28bdbfb5a.jpg,416,416,Banknotes,0,0,416,416
Image_30_png_jpg.rf.78d031c4211a83b16d2c9f0f212db6f5.jpg,416,416,Banknotes,0,23,416,399
Image_55_jpg.rf.78d6cc448dfecfe4d9b89a5f029f2aa9.jpg,416,416,Banknotes,0,0,416,416
Image_123_jpg.rf.7960ac5699c7abeef247c45f1e98b358.jpg,416,416,Banknotes,25,195,416,416
Image_123_jpg.rf.7960ac5699c7abeef247c45f1e98b358.jpg,416,416,Banknotes,1,13,405,227
Image_59_jpg.rf.79c821ca1963670c994244fc607be69a.jpg,416,416,Banknotes,0,4,416,416
Image_200_jpg.rf.79c5132fe30d7efb0e365d115669e39b.jpg,416,416,Banknotes,19,229,401,403
Image_200_jpg.rf.79c5132fe30d7efb0e365d115669e39b.jpg,416,416,Banknotes,17,47,399,223
Image_248_jpg.rf.78dd5b2151e85a125c163efffb596480.jpg,416,416,Banknotes,0,0,416,415
Image_86_jpg.rf.66b184ce14d9a39e359d84bf69511511.jpg,416,416,Banknotes,33,74,400,369
Image_218_jpg.rf.7a21fa4103172fc3eb7879abb69e77b8.jpg,416,416,Banknotes,0,0,416,416
Image_245_jpg.rf.7c3060140be9d0211cce5280686989f6.jpg,416,416,Banknotes,0,0,416,416
Image_254_jpg.rf.7b939af84c3b4568e470aff588aed10e.jpg,416,416,Banknotes,0,0,416,416

Image_116_jpg.rf.7ba3a0f1ace216dbbcc614e512bb5891.jpg,416,416,Banknotes,0,0,416,416
Image_259_jpg.rf.81c9102710ce667546f23f0e699f4db7.jpg,416,416,Banknotes,0,0,416,416
Image_62_jpg.rf.8333c90abd7517a443fd0d56a83dccbb.jpg,416,416,Banknotes,0,31,414,369
Image_174_jpg.rf.7baa31ebb1f081edb348d88354ccb340.jpg,416,416,Banknotes,95,198,287,315
Image_36_jpg.rf.7d2a0d4d60bd1ba17a74fe44a492bdea.jpg,416,416,Banknotes,0,101,413,412
Image_85_jpg.rf.80fe582116a262f575b2ff6d986b225c.jpg,416,416,Banknotes,0,0,203,138
Image_85_jpg.rf.80fe582116a262f575b2ff6d986b225c.jpg,416,416,Banknotes,210,2,415,135
Image_85_jpg.rf.80fe582116a262f575b2ff6d986b225c.jpg,416,416,Banknotes,5,144,212,275
Image_85_jpg.rf.80fe582116a262f575b2ff6d986b225c.jpg,416,416,Banknotes,216,140,416,273
Image_85_jpg.rf.80fe582116a262f575b2ff6d986b225c.jpg,416,416,Banknotes,11,284,219,416
Image_85_jpg.rf.80fe582116a262f575b2ff6d986b225c.jpg,416,416,Banknotes,221,280,416,416
Image_118_jpg.rf.8440c9b4f1f2a30319afda7ef5063d07.jpg,416,416,Banknotes,0,72,411,325
Image_168_JPG_jpg.rf.8544ed503e80026c1c88c73fca296523.jpg,416,416,Banknotes,2,0,416,412

Image_10_JPG_jpg.rf.87ad95d1f1968eadb387a2b53571d1f0.jpg,416,416,Banknotes,0,0,416,416
Image_15_jpg.rf.84c695d0d36ceedefcd28c50c93da924.jpg,416,416,Banknotes,0,0,416,416
Image_174_jpg.rf.8f32220b9045b517eafdc967e6beb70d.jpg,416,416,Banknotes,0,0,416,416
Image_254_jpg.rf.7ff0f942f577ac2d05b29a7ad8ccb5bb.jpg,416,416,Banknotes,0,0,416,416
Image_23_jpg.rf.8595a25672e734517a2f5f80dabf452e.jpg,416,416,Banknotes,0,5,416,416
Image_153_jpg.rf.7f811d42373db75cd2840d931fa3a1ad.jpg,416,416,Banknotes,0,2,416,399
Image_201_jpg.rf.85dab903d49acdde32f0fc5f1e4b2b5a.jpg,416,416,Banknotes,0,2,416,416
Image_155_JPG_jpg.rf.85684628148267ae69cc108cd527b7e6.jpg,416,416,Banknotes,0,0,416,416
Image_65_jpg.rf.89b5b4d7fbf8d828a034990fe32d8cb2.jpg,416,416,Banknotes,0,0,416,416
Image_207_jpg.rf.8a062d42a37c847ee20d5b87264a3670.jpg,416,416,Banknotes,65,65,384,409
Image_16_jpg.rf.8b609825c86c770597ec3a7ba266473e.jpg,416,416,Banknotes,0,0,416,416
Image_262_jpg.rf.84a420c9d8e9f799b802345309c3ba58.jpg,416,416,Banknotes,0,197,414,416
Image_262_jpg.rf.84a420c9d8e9f799b802345309c3ba58.jpg,416,416,Banknotes,0,0,414,221
Image_22_jpg.rf.8e236d239d661cc61b80341638289cb7.jpg,416,416,Banknotes,0,0,416,416
Image_110_JPG_jpg.rf.901c52e56c2b630d1740fac5e105fd7f.jpg,416,416,Banknotes,0,0,416,416
Image_148_jpg.rf.8f7c018a72b2ccdaebdd9de130dd0219.jpg,416,416,Banknotes,0,0,416,416
Image_11_JPG_jpg.rf.87c943a6c02087938ebc8aefd5a6123e.jpg,416,416,Banknotes,0,0,416,416

Image_167_jpg.rf.8f5a90e4db4465ba8ceda82ccdc67a1d.jpg,416,416,Banknotes,10,193,416,416
Image_167_jpg.rf.8f5a90e4db4465ba8ceda82ccdc67a1d.jpg,416,416,Banknotes,0,0,415,219