filename,width,height,class,xmin,ymin,xmax,ymax
50Euro_64_JPEG.rf.0f6b24ee223395736de1df5d8175f29d.jpg,525,700,50Euro,127,35,464,657
50Euro_114_JPEG.rf.142aac0b3aa3531a11d98834af34843b.jpg,700,525,50Euro,49,97,676,454
50Euro_42_JPEG.rf.06eae6329572440ae9cf9c3d72ca129b.jpg,700,524,50Euro,29,72,669,418
50Euro_167_JPEG.rf.02f0136b00fa65c53b682e8f80a54d71.jpg,800,600,50Euro,87,33,675,569
50Euro_73_JPEG.rf.10403c78967227ad53a6fd1181832047.jpg,675,1200,50Euro,96,55,658,1026
50Euro_8_JPEG.rf.12f6c03356024c62bc66783f6dbdf422.jpg,1920,1080,50Euro,311,166,1598,890
50Euro_147_JPEG.rf.1581b3d5b46222ea328f73627555c3fe.jpg,500,315,50Euro,22,23,477,290
50Euro_67_JPEG.rf.13d15ff5ad6317703aacdc615506d23b.jpg,800,600,50Euro,157,81,646,565
50Euro_75_JPEG.rf.05f4676e903caac40f02ab2bc22f6ed6.jpg,700,700,50Euro,334,50,663,625
50Euro_88_JPEG.rf.1b2f598088e2e627060980f23442812b.jpg,332,590,50Euro,63,59,288,479
50Euro_0_JPEG.rf.19e4dc6ae0bc2125696a344299a58432.jpg,1300,795,50Euro,12,101,1299,765
50Euro_193_jpg.rf.04420813f4a58d57b185acd5c63f1495.jpg,1000,1504,50Euro,181,33,960,1437
50Euro_23_JPEG.rf.183f73c30abbbe239c2c9816b2ca4022.jpg,1200,675,50Euro,65,78,1020,573
50Euro_59_JPEG.rf.24e4f903b3f52c9754108251ba52bc0e.jpg,405,787,50Euro,8,42,404,766
50Euro_120_JPEG.rf.1fe9ecf39ffb004d77868220826a983c.jpg,1600,900,50Euro,391,30,1138,461
50Euro_135_JPEG.rf.1adfd6a68e3ecd35401bdcd3b45cbea4.jpg,1600,1067,50Euro,321,286,1399,870
50Euro_137_JPEG.rf.1ab8d9b996503169b706e299d05c38e9.jpg,700,392,50Euro,19,10,685,382
50Euro_30_JPEG.rf.1d153d713f61ae11aef5f33375cffa45.jpg,1024,768,50Euro,116,101,733,457
50Euro_112_JPEG.rf.29ebbf342dfcda11a1366fe2bec0b19d.jpg,1100,1390,50Euro,8,16,1087,595
50Euro_185_JPEG.rf.1c258f946c4a95c36b99a3a9fdc99166.jpg,1067,1600,50Euro,151,307,753,1373
50Euro_196_JPEG.rf.2bdbf5c0eb90172ae5ad73655ef2180a.jpg,934,1300,50Euro,171,50,823,1212
50Euro_151_JPEG.rf.339f1446a9ad2a8d1d948c11adb193d5.jpg,519,960,50Euro,2,7,505,930
50Euro_52_JPEG.rf.283a91c254cef51454ec5c30ef11dd17.jpg,800,600,50Euro,37,25,643,547
50Euro_150_JPEG.rf.384707a8f4c4468913a75b13117dcfaf.jpg,795,1300,50Euro,99,23,794,1288
50Euro_178_JPEG.rf.355935bd2d1574c93dad616aac2f076a.jpg,1390,1157,50Euro,105,13,725,1124
50Euro_182_JPEG.rf.1be77b2aa3f57bd310ed94ab4cf1957c.jpg,720,1280,50Euro,6,243,392,901
50Euro_78_JPEG.rf.3ca482a0809eb484169782113aeb81e7.jpg,1390,1157,50Euro,657,4,1292,1121
50Euro_173_JPEG.rf.2ea5903ae02af1a491d3786644c6191d.jpg,675,1200,50Euro,44,202,599,1140
50Euro_175_JPEG.rf.48e6b304b857d64711388e175c352fb1.jpg,700,700,50Euro,29,47,354,634
50Euro_174_JPEG.rf.290bbd1e6c58e194caf9dea5f39528c5.jpg,956,1300,50Euro,260,96,857,1203
50Euro_188_JPEG.rf.5102177709853e16ae7cad9a0115e2d0.jpg,332,590,50Euro,43,88,264,522
50Euro_24_JPEG.rf.3b08a64f8e23ce4c3810792095e23c46.jpg,1300,956,50Euro,95,233,1210,846
50Euro_187_JPEG.rf.44eb4e4a2a9a02dbe5b187624497e68d.jpg,392,700,50Euro,16,21,388,680
50Euro_110_JPEG.rf.50487b2f2f22755b1bb26fa967a2f020.jpg,1167,1390,50Euro,15,19,1146,636
50Euro_35_JPEG.rf.3fcc72e084d6b92af9a7f69949979ed1.jpg,1600,1067,50Euro,189,114,1294,770
50Euro_81_JPEG.rf.48312269a370d6e67cf26ac3f01d29ad.jpg,1390,1148,50Euro,669,58,1281,1112
50Euro_89_jpg.rf.449ee189f5d10ce00fc6d5b4fd6b719c.jpg,1390,1148,50Euro,18,7,651,1133
50Euro_97_JPEG.rf.519b79e7d6d6ccff9745abe2cab6f617.jpg,315,500,50Euro,39,41,285,476
50Euro_36_JPEG.rf.479b98b7d2872c56721e2728e751f7f2.jpg,1600,1067,50Euro,93,2,1448,1035
50Euro_130_JPEG.rf.497ed9cb87149ddb5d9417c5cbba0879.jpg,1024,768,50Euro,295,315,862,659
50Euro_101_JPEG.rf.4d73f7c1cfa55eb76d73a84e463c3b46.jpg,960,519,50Euro,6,3,957,504
50Euro_163_JPEG.rf.5a767f88994556198879c54338c232f1.jpg,394,700,50Euro,29,34,365,655
50Euro_153_JPEG.rf.050bb56958f765db530f883f5d462984.jpg,787,1400,50Euro,6,36,721,1288
50Euro_21_JPEG.rf.5e474df11060303c69c712fb2e3e8017.jpg,980,380,50Euro,0,26,481,273
50Euro_18_JPEG.rf.3e978b62186b57d61c68dace6bf5ebdb.jpg,861,545,50Euro,2,20,860,523
50Euro_33_JPEG.rf.549c8d0153f95ce4d4c5fcdc55fffbf1.jpg,1504,1000,50Euro,139,185,1433,907
50Euro_14_JPEG.rf.5a53d99c689ea4dc1113865c59f1ba95.jpg,700,525,50Euro,31,66,656,421
50Euro_159_JPEG.rf.5dfbdbc24003abf9ef5fb1c7a1cfd3fb.jpg,405,787,50Euro,4,11,402,771
50Euro_170_JPEG.rf.501affe7ec2819cb2ee07fee70fdc92f.jpg,900,1600,50Euro,431,351,878,1118
50Euro_85_JPEG.rf.5587ec5df4f7b0bb37a3f684358d2440.jpg,1067,1600,50Euro,324,206,913,1191
50Euro_50_JPEG.rf.58816eb83c65a9cf994ecb5304b34376.jpg,795,1300,50Euro,7,14,695,1298
50Euro_5_JPEG.rf.62485f0a70d41bab3a3cccc4e4860c17.jpg,640,480,50Euro,23,112,619,429
50Euro_105_JPEG.rf.5ee55d1af96d6adf31e518ee25b42b3d.jpg,640,480,50Euro,18,41,612,376
50Euro_76_JPEG.rf.64cd1d3c6a02cbac29932052de9089b0.jpg,800,719,50Euro,416,17,792,716
50Euro_71_JPEG.rf.6486c6f3f8af90ab80129b1131d3cb2a.jpg,380,980,50Euro,90,13,356,480
50Euro_74_JPEG.rf.5b53094b8e976fa445514a6dd1b43aab.jpg,956,1300,50Euro,104,74,697,1214
50Euro_92_JPEG.rf.65c3055cc77c71f34748c653940a04dd.jpg,524,700,50Euro,108,52,482,649
50Euro_145_JPEG.rf.71152ed339ac3984c378d0c54e4023b0.jpg,1300,775,50Euro,9,5,1294,734
50Euro_27_JPEG.rf.71d435713d951fe3728cec5f10f4936c.jpg,1920,1080,50Euro,9,70,1873,1029
50Euro_95_JPEG.rf.714614d26082a45d05587f32c7286bf8.jpg,775,1300,50Euro,19,17,752,1298
50Euro_157_JPEG.rf.689c9760f1754deda0e8661939595f23.jpg,3024,4032,50Euro,1075,2026,2064,3549
50Euro_184_JPEG.rf.6911579e64f20ef8de2595393608c933.jpg,1225,1600,50Euro,127,799,586,1585
50Euro_119_JPEG.rf.6627fd4bd591fb539bbb79b1d583dfa9.jpg,1300,838,50Euro,21,39,1262,705
50Euro_86_JPEG.rf.7221220ffd4907a7b3737baeb9a806dd.jpg,1067,1600,50Euro,422,313,1052,1377
50Euro_61_JPEG.rf.6fa0bab130e5479afb4975153cdc430c.jpg,465,620,50Euro,74,62,356,558
50Euro_108_JPEG.rf.72afc5db2246cb4642bd50a74a645ebd.jpg,1920,1080,50Euro,357,144,1594,905
50Euro_183_JPEG.rf.6582d998758cc3b8d5e4cc7bebd7bb7f.jpg,1000,1504,50Euro,223,71,898,1266
50Euro_20_JPEG.rf.6154ae7db279279c6f967e340ff4769a.jpg,1600,900,50Euro,419,34,1247,438
50Euro_156_JPEG.rf.7264ba08fe0deeb0b4ab30a6be8b9896.jpg,720,1280,50Euro,71,131,633,1140
50Euro_122_JPEG.rf.6176c9c604ee66fc7db2dc26093bff64.jpg,1000,534,50Euro,13,6,997,517
50Euro_54_JPEG.rf.66db6d26f429fbe68b28732a399df101.jpg,938,1500,50Euro,24,58,805,1474
50Euro_165_JPEG.rf.7bcb581c7e0060e826061c6a01d02895.jpg,1300,1215,50Euro,664,85,1214,1069
50Euro_125_JPEG.rf.6c8ef7749fedc768585ee21134d035a5.jpg,700,700,50Euro,48,13,644,335
50Euro_7_JPEG.rf.65101cfc9519a358654b49bc7cd5d244.jpg,4032,3024,50Euro,420,1178,2093,1982
50Euro_70_JPEG.rf.722e6b4b31d7982010918d3f73b211c8.jpg,900,1600,50Euro,453,421,861,1230
50Euro_46_JPEG.rf.7674e00157d2d55e21e7052838abd3e9.jpg,1300,934,50Euro,67,173,1228,800
50Euro_1_JPEG.rf.769a13e04c9e103470922d2c8a1813be.jpg,960,519,50Euro,50,8,932,504
50Euro_139_jpg.rf.75b12dcb16bf09b3603b5c857e233920.jpg,1148,1390,50Euro,21,30,1140,640
50Euro_134_JPEG.rf.81d059b0a80a0d1023100ed869815c84.jpg,1600,1225,50Euro,825,649,1578,1097
50Euro_57_JPEG.rf.6c0f64cb1794f45253244f2d5ebf5119.jpg,3024,4032,50Euro,1012,423,1893,2043
50Euro_176_JPEG.rf.7e4b5a294678db0ae183891679d304b2.jpg,800,719,50Euro,6,18,375,712
50Euro_116_JPEG.rf.7e5db4e2b5a3a6d590ede068f4a9909b.jpg,800,800,50Euro,74,42,769,636
50Euro_56_JPEG.rf.7d394068aa7d5715c07de3bac8bc3329.jpg,720,1280,50Euro,61,134,643,1161
50Euro_162_JPEG.rf.7ccf83d775fc3d1a10fd6bf8b2747996.jpg,1390,1100,50Euro,774,37,1384,1066
50Euro_91_JPEG.rf.6c90917d833841f53120f4bb243b9c2a.jpg,600,600,50Euro,127,133,494,498
50Euro_104_JPEG.rf.77818b11f6134b64357d09a60fe3277c.jpg,1500,938,50Euro,20,0,1499,793
50Euro_19_JPEG.rf.843d4c85aaf821f168996bdd18cc9d1e.jpg,1300,838,50Euro,50,104,1239,802
50Euro_63_JPEG.rf.81e187dae4c2a67e8451d74ef0aa6ed8.jpg,394,700,50Euro,22,40,378,659
50Euro_109_JPEG.rf.96326c441da001a2d7e48cc440444549.jpg,787,405,50Euro,13,13,774,402
50Euro_9_JPEG.rf.8d2864b271c18ce69cead1a1ffff5fce.jpg,787,405,50Euro,11,6,783,399
50Euro_66_JPEG.rf.8202e5448a994533cd5a2b3a7d5a908a.jpg,800,800,50Euro,44,55,657,714
50Euro_149_PNG.rf.8db1027499f51103ca92741850254381.jpg,800,373,50Euro,114,36,683,325
50Euro_106_JPEG.rf.83a812bdaafa5f9c2edccc9ee6f34b91.jpg,1280,720,50Euro,175,71,1137,642
50Euro_144_jpg.rf.892641144eca653e1fd48c6a6568933c.jpg,1100,1390,50Euro,25,7,1080,627
50Euro_102_JPEG.rf.8728017c5809bb3e8f2dd9d7e9b47a72.jpg,600,800,50Euro,56,53,580,604
50Euro_29_JPEG.rf.804c0a66075d7d21268bb2bf4dac4b56.jpg,1300,1390,50Euro,25,641,981,1324
50Euro_136_JPEG.rf.8b07955f04a10db9e84461a1efb8c16e.jpg,1600,1067,50Euro,154,194,1516,1063
50Euro_186_JPEG.rf.83e5fc7948d39dccf50b5396897e0371.jpg,1067,1600,50Euro,22,139,910,1412
50Euro_117_JPEG.rf.91487afa7d9c3308b3b9f3b09382c2a4.jpg,600,800,50Euro,29,69,589,705
50Euro_142_JPEG.rf.90cd3522aaa521136285472e714550cf.jpg,700,524,50Euro,32,112,658,465
50Euro_58_JPEG.rf.9803f8eeece8cc8e64ebbf2ac3e5fee2.jpg,1080,1920,50Euro,221,291,861,1580
50Euro_172_JPEG.rf.914f285424aedb2057766b96abca5a4d.jpg,534,1000,50Euro,15,19,531,980
50Euro_179_JPEG.rf.84b9c6120fb48bc5acb21f24e98b00a0.jpg,1390,1300,50Euro,699,346,1338,1288
50Euro_41_JPEG.rf.943e7971b1e18d31e696424d22331d77.jpg,600,600,50Euro,158,122,456,462
50Euro_65_JPEG.rf.824ac25b0458582d6a354e2e5929f08c.jpg,1300,1215,50Euro,684,186,1221,1131
50Euro_146_JPEG.rf.82cf594a76c31e92bd4177796d3a4530.jpg,1300,934,50Euro,41,130,1220,751
50Euro_126_JPEG.rf.91986459ca3ba8289c9ed6ec50d0d580.jpg,719,800,50Euro,16,396,709,777
50Euro_16_JPEG.rf.955bdcd02007f48833ebc3648604a717.jpg,800,800,50Euro,67,135,737,762
50Euro_121_PNG.rf.9d3d6903286d13df5293d6d1d9e7d537.jpg,980,380,50Euro,511,97,979,342
50Euro_191_JPEG.rf.9853eec5f2ae93553597d960a3a51c40.jpg,600,600,50Euro,118,81,474,444
50Euro_43_jpg.rf.9e5be644b59efc972ce2efe9e178cac5.jpg,1504,1000,50Euro,111,173,1455,940
50Euro_166_JPEG.rf.9ad19c593312ae116f80f5a7492a36b0.jpg,800,800,50Euro,83,90,750,757
50Euro_48_JPEG.rf.9989f147e6c9bfa625964daee50c2169.jpg,800,533,50Euro,68,63,665,395
50Euro_62_JPEG.rf.a0713ae1227d506c8065edd85de9d0e0.jpg,1390,1100,50Euro,4,26,579,1069
50Euro_128_JPEG.rf.9a5f118b3a74adf58f58096ff782614c.jpg,1157,1390,50Euro,2,683,1121,1272
50Euro_15_JPEG.rf.ab68cbb5484d1fcce3486b2127664451.jpg,1215,1300,50Euro,160,689,1118,1200
50Euro_129_JPEG.rf.a6f2c570d0c8cadce156160fe111fb58.jpg,1300,1390,50Euro,286,67,1292,674
50Euro_98_JPEG.rf.98d43045c0558bb730711e6a33c4c536.jpg,533,800,50Euro,104,91,484,647
50Euro_77_JPEG.rf.ab947e24c3cc336dcd5e8294b33eabbb.jpg,1080,1920,50Euro,26,19,1001,1902
50Euro_152_JPEG.rf.a070dd8932982d75e7889112b4a8c2db.jpg,800,600,50Euro,194,60,733,539
50Euro_115_JPEG.rf.a17e105d500d7629ced54bd30b59e374.jpg,1215,1300,50Euro,99,28,1046,612
50Euro_194_jpg.rf.a6f8658ccb9369fca4007e2f3496f972.jpg,1390,1100,50Euro,93,13,711,1090
50Euro_154_JPEG.rf.ac8c750d87df8dd1684374f847e3e904.jpg,938,1500,50Euro,132,5,931,1498
50Euro_4_JPEG.rf.ac586e8195bd1bff6b3932216cd08d7f.jpg,1500,938,50Euro,21,157,1499,911
50Euro_12_JPEG.rf.a7a6c6052b98429b0a6c7a3e9f107866.jpg,1100,1390,50Euro,52,689,1098,1384
50Euro_155_JPEG.rf.a8822961a96c8edc57a178612885c6df.jpg,480,640,50Euro,110,31,429,601
50Euro_181_JPEG.rf.b80646754612fbea5eb4e0dc5fae84cc.jpg,1390,1148,50Euro,747,63,1359,1097
50Euro_141_JPEG.rf.b98ce96b5acfa53a5264af0de5cffaef.jpg,600,600,50Euro,103,89,471,497
50Euro_198_JPEG.rf.b4755e0904fbe26dd4727904f953d9d1.jpg,533,800,50Euro,68,176,415,682
50Euro_13_JPEG.rf.af75f48c4d544d88325fa5bc18b0f726.jpg,700,394,50Euro,50,25,650,351
50Euro_3_JPEG.rf.b53809600a867932992e615a6140126e.jpg,1400,787,50Euro,86,7,1399,730
50Euro_11_JPEG.rf.b96e86fd8cd8b619d0dd0f792a720e82.jpg,620,465,50Euro,122,1,542,425
50Euro_107_JPEG.rf.bd7d6953acdd8505afc251d0f05abe3d.jpg,4032,3024,50Euro,1998,997,3512,1941
50Euro_82_JPEG.rf.a16d2c8258d7b673bfa376c4b232fd97.jpg,720,1280,50Euro,30,397,396,1015
50Euro_94_jpg.rf.b045657e2cbb1c3ab3668a290d43087e.jpg,1390,1100,50Euro,691,5,1293,1088
50Euro_199_JPEG.rf.9b1891b97b9fda5a06cd409c3783add6.jpg,373,800,50Euro,16,96,361,667
50Euro_132_JPEG.rf.baf2abeddeeac839e7c5758977c657d3.jpg,1280,720,50Euro,298,15,897,366
50Euro_10_JPEG.rf.bfff20d6c112bf1b61f276499d7acb49.jpg,1167,1390,50Euro,33,106,1119,708
50Euro_192_JPEG.rf.bfe5a20ef1ee08480c1ef838b3bb9069.jpg,524,700,50Euro,64,43,408,668
50Euro_164_JPEG.rf.bf379b0d857f580ad6de1a264fd8acde.jpg,525,700,50Euro,57,54,423,689
50Euro_180_JPEG.rf.c4b1122c8ff5219f6a84ca9e94b30d6f.jpg,768,1024,50Euro,101,304,466,912
50Euro_53_JPEG.rf.c105b50ddbf7b2eac33c373bf356ef97.jpg,787,1400,50Euro,37,92,783,1376
50Euro_140_JPEG.rf.a2f208c4825bdea326d804ababc73ba4.jpg,1600,892,50Euro,29,17,1570,889
50Euro_100_JPEG.rf.b4843de7b77487efa58e03bdb27012e7.jpg,1300,795,50Euro,3,5,1296,702
50Euro_72_JPEG.rf.c56baf60468f75220308f9089ce5f058.jpg,534,1000,50Euro,11,9,526,982
50Euro_69_JPEG.rf.c11bcef8999bad7f3d25780fd86d697a.jpg,838,1300,50Euro,22,36,713,1235
50Euro_79_JPEG.rf.c72f16cad0cd0739756d4d06ab3fcdea.jpg,1390,1300,50Euro,42,9,683,947
50Euro_2_JPEG.rf.cc97825ceebea5a834ee71837dbc44b6.jpg,600,800,50Euro,20,184,567,708
50Euro_131_JPEG.rf.cfdcad1d03b387017a99d614734e450c.jpg,1148,1390,50Euro,46,668,1129,1283
50Euro_124_JPEG.rf.c8aa5d9b83df15267c0d61aacc3f4958.jpg,1300,956,50Euro,75,130,1206,735
50Euro_171_JPEG.rf.c3ab9e71d8f4823bed168ec209485ee7.jpg,380,980,50Euro,19,527,279,978
50Euro_25_JPEG.rf.d235f43bdad8c05b7d0ee1633239cff8.jpg,700,700,50Euro,38,39,643,363
50Euro_96_JPEG.rf.cfd1906fcc0153b8c0343606dc472385.jpg,934,1300,50Euro,128,63,794,1228
50Euro_87_JPEG.rf.d4f0fd7d8b7d5f07cffaaf3ce9507006.jpg,392,700,50Euro,11,29,390,693
50Euro_169_JPEG.rf.d3aea979327107a783ab55030cec3e94.jpg,838,1300,50Euro,127,77,794,1267
50Euro_44_jpg.rf.ccfa4b3e0185eae173a8f5c813f07990.jpg,1100,1390,50Euro,5,100,1087,693
50Euro_68_JPEG.rf.d517cf2affa4435ebb4f580f185f8c82.jpg,545,861,50Euro,11,20,530,813
50Euro_84_JPEG.rf.d46425fdfc54c6fc10e3fe54bc8353e4.jpg,1225,1600,50Euro,662,22,1096,812
50Euro_103_JPEG.rf.c6b85458ac42df20bb8e723baec666a7.jpg,1400,787,50Euro,26,105,1331,781
50Euro_17_JPEG.rf.d5579e2751eb437be5317dcd8157fd63.jpg,600,800,50Euro,37,165,554,690
50Euro_177_JPEG.rf.e0ca7e9c7d36d9cf41228ac873c4a371.jpg,1080,1920,50Euro,56,69,1026,1881
50Euro_31_JPEG.rf.d5827b0c2513e77d81e77852b838e8d7.jpg,1148,1390,50Euro,1,120,1072,753
50Euro_113_JPEG.rf.e1d867141f93d5006f1468ca7fc79608.jpg,700,394,50Euro,58,49,664,385
50Euro_158_JPEG.rf.c10e2b8d5f7ce1c45203381ae87d8c74.jpg,1080,1920,50Euro,213,266,866,1575
50Euro_93_jpg.rf.dbc878e0b5f0c5616484bd7aeefaf514.jpg,1000,1504,50Euro,58,130,867,1480
50Euro_168_JPEG.rf.d29446c3eb92b8dc19082424f60fcc58.jpg,545,861,50Euro,7,6,525,857
50Euro_190_JPEG.rf.ce380bef36d0e639325f12ec6a076242.jpg,892,1600,50Euro,20,35,891,1546
50Euro_160_JPEG.rf.e2c198341728c494968c269a996a3570.jpg,1390,1167,50Euro,769,38,1382,1137
50Euro_197_JPEG.rf.de4e1889cab7e5f213a82c20819894a4.jpg,315,500,50Euro,34,31,271,459
50Euro_148_JPEG.rf.e054d95a5335ccbeda3d12561a0249a1.jpg,800,533,50Euro,164,183,678,468
50Euro_55_JPEG.rf.e45a90f02368cfe7a02b904aa454c391.jpg,480,640,50Euro,64,43,360,602
50Euro_39_jpg.rf.d9b10792d758b32c4299cf2ae63e4d50.jpg,1148,1390,50Euro,5,113,1130,740
50Euro_133_JPEG.rf.e76f799a99176043b47b9e008a934c54.jpg,1504,1000,50Euro,120,118,1360,752
50Euro_45_JPEG.rf.e25512e3bdec8448bef736901aa54349.jpg,1300,775,50Euro,4,95,1295,773
50Euro_40_JPEG.rf.ed3a5ea9976ebf6c77c7240ab4d29e78.jpg,1600,892,50Euro,35,20,1570,857
50Euro_37_JPEG.rf.dc937f20708cfe5727a868e5053d8781.jpg,700,392,50Euro,0,13,683,389
50Euro_26_JPEG.rf.e10090f0d3af3965b27cd75aed8ba2cd.jpg,719,800,50Euro,5,11,718,392
50Euro_6_JPEG.rf.eff24116482aa676eb93cbeb7e3ab592.jpg,1280,720,50Euro,122,79,1155,647
50Euro_38_JPEG.rf.ed3d1b910f698db3ba1cd95618dcd08f.jpg,590,332,50Euro,54,33,484,251
50Euro_90_JPEG.rf.c65d40415e49475971555d7da1273681.jpg,892,1600,50Euro,31,36,861,1589
50Euro_118_JPEG.rf.e3b52ef7e32bcffdc2b36f2698a73d64.jpg,861,545,50Euro,15,2,858,535
50Euro_111_JPEG.rf.fcb07b2dcc85cb9d16c9b5c3478d60a6.jpg,620,465,50Euro,36,34,519,445
50Euro_80_JPEG.rf.f4958685de8322d9dc168d4ac3e76870.jpg,768,1024,50Euro,312,140,652,726
50Euro_28_JPEG.rf.e487cbeb1713d7a719a76140c6157c8c.jpg,1157,1390,50Euro,15,79,55,136
50Euro_22_JPEG.rf.f9c09632524a38fda57f05d08b8b1e10.jpg,1000,534,50Euro,6,4,977,507
50Euro_51_JPEG.rf.f0607a2bf9455d3b3a3c353aa2e53f4b.jpg,519,960,50Euro,4,6,513,948
50Euro_99_JPEG.rf.d51dfd400a5551bd5734caf34409e6fa.jpg,373,800,50Euro,30,132,359,675
50Euro_32_JPEG.rf.fda16edd9f556658ff4f692fc221e17e.jpg,1280,720,50Euro,386,9,1029,368
50Euro_138_JPEG.rf.e5d941e76d7438f7da5156d983a848e4.jpg,590,332,50Euro,98,75,517,286
50Euro_83_JPEG.rf.f9176e2bc966d46750a9daa74964ac57.jpg,1000,1504,50Euro,112,120,864,1449
50Euro_49_JPEG.rf.f9f102a7e69a73e1cf0227ba99584f16.jpg,800,373,50Euro,118,17,688,336
50Euro_161_JPEG.rf.eb411716d09fe4080f73333f0c4704f2.jpg,465,620,50Euro,28,60,433,533
50Euro_143_jpg.rf.f3b89056795d407005674729d466cd6f.jpg,1504,1000,50Euro,28,93,1423,813
50Euro_195_JPEG.rf.fcb14bbfd5a185ee62cfc96c9be447c5.jpg,775,1300,50Euro,56,39,749,1298
50Euro_34_JPEG.rf.f0be13d3dd1de4708cd4757aa87fc3ad.jpg,1600,1225,50Euro,0,110,795,549
50Euro_60_JPEG.rf.fc2d385961eb449d4c703e1a0030d23d.jpg,1390,1167,50Euro,6,23,598,1146
50Euro_127_JPEG.rf.ffcc7b0edbfedc47c27f8af6314bf0e1.jpg,1920,1080,50Euro,68,53,1884,1006
50Euro_123_JPEG.rf.ea9898bb5638e3ff408315f67657ede7.jpg,1200,675,50Euro,168,83,1132,626
50Euro_47_JPEG.rf.ff0843189048ac497452200f4d8ead41.jpg,500,315,50Euro,30,25,475,278
50Euro_189_jpg.rf.f623eaa8678aac7679210a2825de090d.jpg,1390,1148,50Euro,91,10,741,1123