filename,width,height,class,xmin,ymin,xmax,ymax
5Euro_127_jpg.rf.0c392963dd38f19ae43d9b1abccc98dc.jpg,563,1000,5Euro,7,5,535,901
5Euro_92_jpg.rf.001f94f95504dcb45f0ed738bbe133bd.jpg,808,1500,5Euro,15,33,769,1498
5Euro_17_jpg.rf.0abf0af3796d17f671b38a3cf5a13e86.jpg,862,1600,5Euro,36,57,828,1529
5Euro_183_jpg.rf.12739b409da7e9dca7ba6c914e45f7b0.jpg,960,640,5Euro,71,60,892,450
5Euro_154_jpg.rf.062067993eb85cccc5f78982ece6425c.jpg,1000,750,5Euro,57,124,998,596
5Euro_126_jpg.rf.1923fa529102958f104f23c4ba879bb6.jpg,900,1200,5Euro,56,49,887,1169
5Euro_82_jpg.rf.181e59baf5bdd9c1bc57b1c552034104.jpg,1300,956,5Euro,130,227,1173,809
5Euro_118_jpg.rf.09291824a4b1fb8b499e7e9c9135490b.jpg,1024,682,5Euro,69,133,955,572
5Euro_18_jpg.rf.0d3548e3eec79c7b927bd486782b09af.jpg,288,500,5Euro,13,24,262,472
5Euro_11_jpg.rf.1809b779aa1402d4511902163dad242d.jpg,1000,667,5Euro,239,116,765,543
5Euro_31_jpg.rf.1803691ead64d4be2e7e08ddebea8918.jpg,1416,2048,5Euro,618,334,1355,1741
5Euro_4_jpg.rf.1aa4c015eff062367209bc9b31a9bef4.jpg,500,818,5Euro,105,159,395,654
5Euro_143_jpg.rf.1b56dbdd3a70c421ddd545cb9a874bc5.jpg,563,1000,5Euro,32,100,559,996
5Euro_98_jpg.rf.03895780e985f8d89a465f97a95a2f92.jpg,720,1280,5Euro,43,280,373,898
5Euro_102_jpg.rf.17ec155e38be3884d6a698f361e31be9.jpg,699,1049,5Euro,173,40,541,659
5Euro_40_jpg.rf.1a4450bc610776723a9458153a741fbd.jpg,540,720,5Euro,116,64,460,709
5Euro_16_jpg.rf.190f3f781b2127f1517118479987cb1e.jpg,817,1486,5Euro,38,29,785,1436
5Euro_27_jpg.rf.1311f504add1c69e9ed80ec1e2d77d1d.jpg,900,1200,5Euro,79,133,540,939
5Euro_106_jpg.rf.1aa2f7c624f981365c86e1c89d29491e.jpg,1049,699,5Euro,52,159,625,479
5Euro_179_jpg.rf.1a76a3682cf1232960eaf8e2c709def0.jpg,1024,576,5Euro,36,14,1000,544
5Euro_1_jpg.rf.07565b55dd6bcf0c6699d0ff0d73d0aa.jpg,711,1300,5Euro,31,57,699,1260
5Euro_130_jpg.rf.01edd44100e9528730948019e513504c.jpg,1200,900,5Euro,71,22,1198,828
5Euro_125_jpeg.rf.1076943fdc507cfa128c8f42012561b6.jpg,840,900,5Euro,419,68,784,767
5Euro_185_jpg.rf.0dacc5d58ea31e18efe66db231ba507d.jpg,1486,817,5Euro,41,32,1425,760
5Euro_138_jpg.rf.2760b736d236899ec414c69cf8912b65.jpg,750,1000,5Euro,136,46,588,974
5Euro_113_jpg.rf.26182233bde792ecc86dc7ac377305d1.jpg,540,720,5Euro,29,25,400,717
5Euro_26_jpg.rf.218e760922e40b2de8d2eb17c51a79fc.jpg,288,500,5Euro,27,29,286,488
5Euro_123_jpg.rf.2bfa506ebb0f593e0a7a72bb47e3528d.jpg,1022,1280,5Euro,371,7,683,610
5Euro_85_jpg.rf.264c8e095ae91944ff2dfd193f1bee9c.jpg,824,1500,5Euro,42,37,801,1470
5Euro_91_jpg.rf.294020b364c49cd6387b0284585da91c.jpg,540,720,5Euro,10,8,536,707
5Euro_107_jpg.rf.26434cb6aa5b58bd996c9812ca6e4c7f.jpg,1200,1215,5Euro,30,612,1187,1194
5Euro_20_jpg.rf.1f7d77fca442892436a61ce8e8deda61.jpg,1098,554,5Euro,6,7,1079,552
5Euro_144_jpg.rf.22b2069d1884f80bc351fd17b245a7bb.jpg,500,818,5Euro,116,167,382,662
5Euro_166_jpg.rf.192c8ada36115860cb603faebb485950.jpg,1280,1022,5Euro,22,346,562,678
5Euro_3_jpg.rf.36beb932b65cec1a64c7866a36d60642.jpg,818,500,5Euro,162,110,655,372
5Euro_93_jpg.rf.21cac39745ba9f122781c2624e244d46.jpg,1280,720,5Euro,415,44,1005,379
5Euro_6_jpg.rf.26efa315ed6b0c3aa015ac2cb1db99d7.jpg,667,1000,5Euro,94,276,552,712
5Euro_68_jpg.rf.2242078a47886e329e293fccf8c57aa5.jpg,525,700,5Euro,50,6,460,685
5Euro_182_jpg.rf.322f41ca84aeadda005ce0c239fc9440.jpg,480,640,5Euro,47,123,431,315
5Euro_72_jpg.rf.2285ac3faa10d6237651dac92147517e.jpg,700,525,5Euro,7,63,686,481
5Euro_181_jpg.rf.3b1a34297a98e564e06f9bb1e40bb3f4.jpg,600,490,5Euro,87,27,516,239
5Euro_14_jpg.rf.39dbc4ab88f67ed624618b089db40fcc.jpg,640,480,5Euro,75,13,315,444
5Euro_195_jpg.rf.39f754f5402f3583f232717ede86633b.jpg,1200,900,5Euro,10,78,1142,886
5Euro_104_jpg.rf.34011fff8d411f216746bcf4c4eb4770.jpg,640,960,5Euro,64,99,444,883
5Euro_99_jpg.rf.1d823c3781a5a9848e1aa0759c458af4.jpg,640,520,5Euro,93,21,371,495
5Euro_55_jpg.rf.3a2382b6ef60d2622262d0c5286568a2.jpg,750,1000,5Euro,114,46,618,961
5Euro_145_jpg.rf.1d7e8d0c6c5af14b551db90ba6dfe853.jpg,818,500,5Euro,160,127,650,365
5Euro_186_jpg.rf.3b96bf4d76662d5f8476fe6b6c16f2b1.jpg,1500,824,5Euro,87,47,1472,755
5Euro_64_jpg.rf.38fdc7784c445531920e22eecac6bb9d.jpg,900,1200,5Euro,131,26,712,1130
5Euro_97_jpg.rf.4102c93741496cafc28cf0f6a11d2361.jpg,1500,808,5Euro,56,42,1466,795
5Euro_33_jpg.rf.33e5bed53d4bc3d1d89e609877460265.jpg,637,640,5Euro,14,320,624,639
5Euro_53_jpg.rf.4a227cf4500798c4767d3f51df7e05f3.jpg,540,720,5Euro,90,0,418,719
5Euro_83_jpg.rf.288e942c2f9d717eee39b5767e4f22ee.jpg,1500,824,5Euro,20,50,1454,779
5Euro_199_jpg.rf.424dd7b88bdd1016a4bb747656699434.jpg,665,700,5Euro,8,9,638,341
5Euro_76_jpg.rf.430d03cb1a4167a0e7e602a65ab1211e.jpg,525,700,5Euro,63,21,468,687
5Euro_169_jpg.rf.5409f2d44ced523ddd3d5b67daab6e50.jpg,1049,699,5Euro,425,223,1017,499
5Euro_44_jpg.rf.51f7d98e58df5145295f0cd391fc9c6a.jpg,1023,681,5Euro,123,91,650,351
5Euro_150_jpg.rf.51a51fe66ac9603002b7a850c831c8d9.jpg,753,1080,5Euro,402,216,726,827
5Euro_75_jpg.rf.4e1dde41ab3392678d686f3db336a64d.jpg,1225,1600,5Euro,858,57,1218,728
5Euro_77_jpg.rf.4e52e493d6261f0d9c9c96fccdf0d89b.jpg,490,600,5Euro,13,104,239,506
5Euro_87_jpg.rf.500d4147e02e7f9a3094d46dccad4fe4.jpg,2676,4947,5Euro,39,71,2662,4903
5Euro_162_jpg.rf.4639129f8d78d3c4a08d1f3be046cbdb.jpg,818,500,5Euro,166,122,646,375
5Euro_37_jpg.rf.509b266cdcf9c7a341bb5525522363d0.jpg,1416,2048,5Euro,113,356,763,1697
5Euro_128_jpg.rf.625f5bd91c4b860008b4b302d77d5fb0.jpg,753,1080,5Euro,37,228,343,894
5Euro_141_jpg.rf.52f84ca995df4308640241c30faac5e0.jpg,2448,3264,5Euro,366,47,2053,3058
5Euro_79_jpg.rf.655e7f27f33b0be3a9c07a8c86829ed8.jpg,956,1300,5Euro,136,124,727,1186
5Euro_65_jpg.rf.6fccdd0311c7ecc18232e8a10dbb55ae.jpg,640,960,5Euro,88,208,527,945
5Euro_157_jpg.rf.64561e37915df8501a70bd31395fa352.jpg,1200,1215,5Euro,20,10,1158,585
5Euro_137_jpg.rf.46cef05347f5fa6ac717ae020bcecbca.jpg,753,1080,5Euro,422,222,723,836
5Euro_100_jpg.rf.6e46c0c93e23a07ea96c7b9165f9ff66.jpg,647,600,5Euro,29,16,326,589
5Euro_146_jpg.rf.5b1910075a7554977c57ca29c222a360.jpg,3264,2448,5Euro,55,419,3035,2035
5Euro_52_jpg.rf.6a99c6e3f42b135e7eba865c7d5858b6.jpg,540,720,5Euro,90,8,440,713
5Euro_153_jpg.rf.667f87cc33f380df6bdaecd389ced7cb.jpg,1300,866,5Euro,337,88,1126,465
5Euro_10_jpg.rf.642d85ac22ce52eacbd1401bd1394581.jpg,480,640,5Euro,38,93,467,321
5Euro_62_jpg.rf.78760f3bc9e9c53d432fb3d91f9d8a7c.jpg,1200,900,5Euro,402,46,752,784
5Euro_136_jpg.rf.74b22702be246f9a33f9f578df697dd2.jpg,576,1024,5Euro,40,44,553,981
5Euro_158_jpg.rf.7137cae0753be5afe2b0f3af9424a14c.jpg,637,640,5Euro,8,2,633,310
5Euro_58_jpg.rf.6967be1a5186f98941058db9dc0e97bf.jpg,900,1200,5Euro,89,387,858,786
5Euro_21_jpg.rf.4e025a33f6b826a1573b07610449270f.jpg,1600,862,5Euro,51,45,1520,806
5Euro_170_jpg.rf.804f1648dc67fbbd9eb6665d13860d14.jpg,1200,900,5Euro,180,416,908,833
5Euro_41_jpg.rf.7c7de7426ba262863bde9b383411718e.jpg,540,720,5Euro,123,62,465,719
5Euro_95_jpg.rf.6b1abcc07292da0f6bece02395c73780.jpg,600,647,5Euro,28,334,565,623
5Euro_28_jpg.rf.76cde88cd8bd5f028075063c7b2065af.jpg,413,550,5Euro,97,37,363,464
5Euro_19_jpg.rf.7e74469a4275209f6e70305f3a1a4bed.jpg,900,1200,5Euro,462,221,803,1026
5Euro_94_jpg.rf.7e81367b2564627021a85a2ecc2e291f.jpg,520,640,5Euro,19,82,505,375
5Euro_30_jpg.rf.7f6f9decd9f561c84b1242b2f36a8ac5.jpg,640,637,5Euro,5,72,316,632
5Euro_57_jpg.rf.7179812e75ed00c6c1bf55843ca48521.jpg,640,960,5Euro,124,10,550,743
5Euro_133_jpg.rf.70d1bac057e07a6c8f491a14e796f4de.jpg,1080,753,5Euro,260,399,869,727
5Euro_191_jpg.rf.86941b27d0b1d83a4976694cf932583f.jpg,1000,667,5Euro,273,126,739,539
5Euro_129_jpeg.rf.861980cd331d25068b47ca1cd9883412.jpg,900,840,5Euro,31,27,826,459
5Euro_119_jpg.rf.71824259145c4f1b8ae2601249d80814.jpg,1280,1022,5Euro,656,359,1268,674
5Euro_23_jpg.rf.836a72c69059fd3d44ba322a93858c56.jpg,1200,900,5Euro,258,37,1071,489
5Euro_13_jpg.rf.7a34c69af7e964e2add5db240f74c4c0.jpg,711,1300,5Euro,17,36,689,1253
5Euro_61_jpg.rf.8267d6f81e3d97ffc2bd6617b3bdc185.jpg,960,640,5Euro,20,134,769,506
5Euro_69_jpg.rf.8615e28ed84c273671c0fdfcc23d54cc.jpg,490,600,5Euro,22,89,242,513
5Euro_70_jpg.rf.83785f70ac47c1c9b1e8b7529ba00bb1.jpg,501,944,5Euro,0,0,487,927
5Euro_71_jpg.rf.8ae669428a838b9922761e3d22c1a69e.jpg,1600,1225,5Euro,875,862,1555,1217
5Euro_25_jpg.rf.7be660865f261ee36ec49c6bc867d623.jpg,862,1600,5Euro,49,61,824,1568
5Euro_109_jpg.rf.8e026972df47dc70a8e70e0cf7b77729.jpg,665,700,5Euro,46,373,663,693
5Euro_167_jpg.rf.80b15a45779edd3d897827d5843bf236.jpg,1023,681,5Euro,191,76,712,347
5Euro_198_jpg.rf.928c5e4cedd1c8a2627f0731f8a9c7e4.jpg,1280,338,5Euro,26,24,624,325
5Euro_194_jpg.rf.68c1fc870879c1ae549302581f9575e0.jpg,1200,900,5Euro,39,202,1130,787
5Euro_114_jpg.rf.819fe62f5206f1673eab10bf4b342549.jpg,682,1024,5Euro,105,47,562,948
5Euro_188_jpg.rf.889ca49c56e2193b4c0cbfd86b9a62b5.jpg,1098,554,5Euro,8,9,1098,554
5Euro_51_jpg.rf.877998af10b859aab33a29ea53cf8aef.jpg,956,1300,5Euro,238,180,758,1129
5Euro_173_jpg.rf.9574b0c1da08e523033339bb81f87fd6.jpg,1080,753,5Euro,202,35,826,340
5Euro_15_jpg.rf.9885c4de96c6b70550b45247ba17059d.jpg,667,1000,5Euro,132,265,556,724
5Euro_189_jpg.rf.8dfe32d768e4ae647ba71912101ac1ce.jpg,960,640,5Euro,198,140,953,516
5Euro_56_jpg.rf.92b31cf26b856f8d89063fc452376092.jpg,900,1200,5Euro,170,98,764,1179
5Euro_5_jpg.rf.93ef4ddf789f3a675cd53237ed6195db.jpg,640,480,5Euro,125,62,307,431
5Euro_165_jpg.rf.8fa85171bda963e5e79b0b48f051a998.jpg,1080,1080,5Euro,25,24,1042,514
5Euro_108_jpg.rf.8fa36edcf5b5c54d236b130a6b490559.jpg,960,640,5Euro,55,189,895,587
5Euro_45_jpg.rf.9e6e36f67d064d7db0d0318283ad7e0d.jpg,1300,956,5Euro,138,224,1134,788
5Euro_36_jpg.rf.a4f872beb2fb7ff26b10ac798ff61e5e.jpg,640,637,5Euro,2,15,302,630
5Euro_63_jpg.rf.9e971d691f042043151bbf237a67334a.jpg,750,1000,5Euro,163,24,626,974
5Euro_35_jpg.rf.97472cd57dd1a2883874970647fc39a9.jpg,413,550,5Euro,52,87,313,516
5Euro_54_jpg.rf.97391bdea62e82147642f4792bdc9133.jpg,1080,1080,5Euro,22,26,524,1049
5Euro_67_jpg.rf.946461bed7cf150840e981afd6110bdc.jpg,1225,1600,5Euro,31,867,360,1555
5Euro_155_jpg.rf.a3bc92ef0550bb18f253e2cf2d99fbdf.jpg,2448,3264,5Euro,428,276,1929,3173
5Euro_38_jpg.rf.98d9ec1dd1ef4b1fe2853f379187321e.jpg,681,1023,5Euro,309,155,630,662
5Euro_180_jpg.rf.99f226ac480ade1698866ec9c9d0b752.jpg,1500,808,5Euro,23,33,1478,750
5Euro_196_jpg.rf.a6c8ca1318867fd231c5afa9037d188a.jpg,1024,682,5Euro,73,108,963,568
5Euro_134_jpeg.rf.8b13dedaea51c1eb3cc535963e3198e5.jpg,840,900,5Euro,44,100,456,823
5Euro_192_jpg.rf.9ccbdf3ba73daf9ee347def776f96a57.jpg,1000,563,5Euro,94,6,991,534
5Euro_140_jpg.rf.ab039e4147ce619411e53efccd7cd6de.jpg,1000,750,5Euro,10,152,966,623
5Euro_184_jpg.rf.a1af384703adaf432004d42e8904a627.jpg,1300,711,5Euro,54,57,1273,665
5Euro_60_jpg.rf.a6df481b0dd9cf06854f7d8416e21a35.jpg,1200,900,5Euro,71,107,1176,699
5Euro_9_jpg.rf.a436d1e7d70c9b5ae13773864c8164d6.jpg,1300,711,5Euro,28,21,1281,671
5Euro_177_jpg.rf.a99554b82f44ca4bff2688e7db380444.jpg,720,540,5Euro,13,122,718,461
5Euro_43_jpg.rf.ac06103e4d96f57fe5044bd76ac4c63f.jpg,1280,338,5Euro,32,14,640,315
5Euro_110_jpg.rf.a1bd6854319ba21a8dd38dcd73f215f0.jpg,1215,1200,5Euro,16,39,574,1182
5Euro_81_jpg.rf.9e10482af9062bbb8ce72c3f0d97ffad.jpg,2676,4947,5Euro,65,98,2609,4850
5Euro_116_jpg.rf.ba2715cf59423fa877b677fca6d6e983.jpg,576,1024,5Euro,40,31,536,986
5Euro_151_jpg.rf.ade1a40b1efc76c9dfbcda1a2c351901.jpg,1300,956,5Euro,138,151,1173,709
5Euro_168_jpg.rf.bbdaeaef536a6e870034eac25dcea646.jpg,1600,1225,5Euro,73,20,739,372
5Euro_47_jpg.rf.c716877929e0a95e21782feb44c0fc13.jpg,720,540,5Euro,21,83,710,409
5Euro_148_jpg.rf.bc2eef72cd4bbd7363c00bc5b77cd050.jpg,1080,753,5Euro,254,396,870,719
5Euro_152_jpg.rf.c00b134944ee0c6c390ecc0e6ac4399e.jpg,550,413,5Euro,87,113,539,356
5Euro_103_jpg.rf.b7c176f4d25e8748683b65dfb74f5ce8.jpg,1215,1200,5Euro,9,20,597,1182
5Euro_115_jpg.rf.ad7515f14481649b0604f96fc7e328ab.jpg,1022,1280,5Euro,687,347,1012,994
5Euro_39_jpg.rf.b720422de9af86d405aa963cf4962084.jpg,956,1300,5Euro,179,108,721,1114
5Euro_48_jpg.rf.aff6daa0bbafe9b938f2c4b4029a0436.jpg,1080,1080,5Euro,28,29,1047,547
5Euro_197_jpg.rf.c95507cec1ebbb949e9d3d19f88f26ac.jpg,1200,900,5Euro,436,107,801,838
5Euro_12_jpg.rf.bf0271666ce66443a259488261deb7d4.jpg,1486,817,5Euro,80,56,1455,784
5Euro_178_jpg.rf.cd0b82494f44498aed40a34c5a28217d.jpg,700,525,5Euro,21,78,688,463
5Euro_74_jpg.rf.bf60107a4d310b4d87a243b95d846fa1.jpg,944,501,5Euro,16,11,939,490
5Euro_105_jpg.rf.d3ea7d24baaa9fac1d3e6ab20e75b854.jpg,700,665,5Euro,5,25,331,642
5Euro_117_jpg.rf.ca785f1fece925ab5871635b38c1f283.jpg,866,1300,5Euro,41,215,474,954
5Euro_124_jpg.rf.aabfdf55c3a8c2a4ba6a065f6e77185a.jpg,866,1300,5Euro,397,358,832,1094
5Euro_29_jpg.rf.d4f65b1560c424e7f65339f9446222a7.jpg,338,1280,5Euro,2,18,331,648
5Euro_135_jpg.rf.ba37f3547ddd8eb53f1e7c426bff7225.jpg,900,1200,5Euro,1,7,845,1179
5Euro_187_jpg.rf.c75580903b0dc59114722871d0a490dc.jpg,944,501,5Euro,14,0,924,473
5Euro_147_jpg.rf.be296b90f5b42504db8e98126c8e168e.jpg,753,1080,5Euro,39,260,349,851
5Euro_190_jpg.rf.ba788fc55a2cf5306ffab65d0eb3c4cf.jpg,4947,2676,5Euro,19,106,4826,2580
5Euro_163_jpg.rf.ca89388c05daea77866beeb8ffe10bdb.jpg,2048,1416,5Euro,342,622,1695,1312
5Euro_66_jpg.rf.d68dc58a23565b2a2cfe8a18dcda4e74.jpg,900,1200,5Euro,76,429,816,805
5Euro_32_jpg.rf.d2e875c693f2758dfbe73a22772a4025.jpg,550,413,5Euro,29,59,477,303
5Euro_50_jpg.rf.cef19207ac64e414419ba40bfe27886c.jpg,681,1023,5Euro,38,385,384,894
5Euro_46_jpg.rf.d73d70778710e36f3e1fabd6195eb7b7.jpg,720,540,5Euro,5,84,718,413
5Euro_121_jpg.rf.d57561a0549c31fcef69f8bcc8a8a910.jpg,699,1049,5Euro,195,409,513,1002
5Euro_112_jpg.rf.c8b6041b5968f1db50d1df67fe20a09a.jpg,700,665,5Euro,372,16,691,637
5Euro_176_jpg.rf.d88a90442ff4fbbe7243ff16260c0d72.jpg,1000,750,5Euro,23,121,958,592
5Euro_86_jpg.rf.da892c90b98a97bef45e492f1004a4f4.jpg,4947,2676,5Euro,218,186,4916,2550
5Euro_193_jpg.rf.deddecaaf2245e42383d38a9634a5294.jpg,600,647,5Euro,29,22,574,324
5Euro_161_jpg.rf.db09372f3c025a355a994034cf1f3e08.jpg,818,500,5Euro,164,126,650,369
5Euro_139_jpg.rf.da665a2c42cf5963a8237593526cd040.jpg,3264,2448,5Euro,326,439,3194,2075
5Euro_164_jpg.rf.de5cd765342598d767d9e95d3e85dd78.jpg,720,540,5Euro,42,156,715,495
5Euro_89_jpg.rf.e73d1d075aaf1b1a7b0ce5c180a695cf.jpg,720,1280,5Euro,342,399,678,1012
5Euro_24_jpg.rf.e16cc4ab0352bfd8e1f03992ab8cd838.jpg,554,1098,5Euro,15,9,540,1085
5Euro_8_jpg.rf.d7060be3933348b2388cb2926cded444.jpg,817,1486,5Euro,38,77,797,1468
5Euro_7_jpg.rf.e7e65793084635a6793d607c9966317d.jpg,554,1098,5Euro,6,9,543,1085
5Euro_2_jpg.rf.e66316d8705d23c78da588fd5391acf3.jpg,500,818,5Euro,116,159,380,677
5Euro_96_jpg.rf.ecfd4a250f9f11a87e70b0ef2e0ce549.jpg,720,540,5Euro,10,10,718,393
5Euro_160_jpg.rf.dbb77d3ea0837a124ba0278e5318eb4c.jpg,1600,862,5Euro,96,51,1547,803
5Euro_49_jpg.rf.e71a9ba1448876c9c77850b2165fef89.jpg,338,1280,5Euro,12,21,317,610
5Euro_88_jpg.rf.e8f6d44e83b86d0a06a57dd955f1abf7.jpg,640,520,5Euro,32,21,263,498
5Euro_73_jpg.rf.ebd91e3ce511c250aea2b80206fda7f2.jpg,600,490,5Euro,72,22,519,243
5Euro_131_jpg.rf.e157c32a66817ca8191fa4fabbb57386.jpg,1024,576,5Euro,34,51,986,555
5Euro_34_jpg.rf.e45794924d7ad8525f4cec0c89a67d35.jpg,2048,1416,5Euro,329,111,1729,759
5Euro_175_jpg.rf.e080897176f82ef8379d39ee8f83c8d9.jpg,1280,720,5Euro,283,61,874,353
5Euro_172_jpg.rf.e91ef72d82e3ade9ffdd524119e8e21b.jpg,1080,753,5Euro,199,24,836,342
5Euro_78_jpg.rf.ed7987d8018433baa15aa59f5e585fb8.jpg,501,944,5Euro,15,23,500,930
5Euro_200_jpg.rf.ecd361b3514297c6e7ee89c0649ae75f.jpg,500,288,5Euro,25,13,481,269
5Euro_149_jpg.rf.ed463f4fe17ae2cc6027fb2e6314cc90.jpg,500,818,5Euro,132,166,386,646
5Euro_80_jpg.rf.f66ede8a5ba1c239fb5e0ebbc34c7bcb.jpg,824,1500,5Euro,17,37,784,1494
5Euro_90_jpg.rf.fd1de3eb7e587403eacf6e94c52ca95f.jpg,647,600,5Euro,37,30,311,566
5Euro_171_jpeg.rf.f7b65530eb8aee76d17a5359458aadc5.jpg,900,840,5Euro,149,391,831,786
5Euro_42_jpg.rf.eca848f37d969a407be4045536ebb24b.jpg,1080,1080,5Euro,16,29,521,1038
5Euro_156_jpg.rf.f2e15a237841362b890b2b99706984f6.jpg,720,540,5Euro,8,130,710,444
5Euro_159_jpg.rf.ee64d3c56b27aacc4a44a02f71e79b49.jpg,520,640,5Euro,30,26,496,272
5Euro_59_jpg.rf.f4544358d48bd78f995edb4c149d3ac2.jpg,1000,750,5Euro,10,164,984,625
5Euro_132_jpg.rf.e9da91e0c6b4052ff1a8ae705f300575.jpg,1000,563,5Euro,9,34,888,542
5Euro_120_jpg.rf.eef564b06b2e070ce5c14d372512caee.jpg,1300,866,5Euro,182,465,950,774
5Euro_22_jpg.rf.f0b0521339f8c9bb4f6479bde317fff6.jpg,500,288,5Euro,21,30,478,280
5Euro_174_jpg.rf.f0ad18d43dc40596e4507101f5ca0f36.jpg,1300,956,5Euro,162,190,1137,712
5Euro_101_jpg.rf.f8c65bb42fa95b31686ced2a1fd32425.jpg,808,1500,5Euro,38,17,805,1482
5Euro_142_jpg.rf.fa389206afd028b8e6eb997e4f0ac13c.jpg,750,1000,5Euro,166,24,596,934
5Euro_111_jpg.rf.e07cd117ce0ce0c757fa3a2305b57252.jpg,640,960,5Euro,176,81,592,855
5Euro_122_jpg.rf.ff08cf2d8f04e87fdd8eb6a13817c23e.jpg,682,1024,5Euro,117,69,563,946
5Euro_84_jpg.rf.9daa6ecda902c5ae03edab6062e2ff1d.jpg,956,1300,5Euro,250,136,798,1159